n,car,trace,detection_id,action,reason,fault_id,cell,tx_hash,status,gas_used,block,sent_at,mined_at,latency_s
1,0,PVS 1,pothole_PVS1_frame_000011_0,refused,"('0xfdd27ed2', '0xfdd27ed2')",1,6g5dm4ng,,0,0,0,0,0,0
2,0,PVS 1,pothole_PVS1_frame_000013_0,refused,"('0xfdd27ed2', '0xfdd27ed2')",1,6g5dm4ng,,0,0,0,0,0,0
3,0,PVS 1,pothole_PVS1_frame_000014_0,refused,"('0xfdd27ed2', '0xfdd27ed2')",1,6g5dm4ng,,0,0,0,0,0,0
4,0,PVS 1,pothole_PVS1_frame_000016_0,refused,"('0xfdd27ed2', '0xfdd27ed2')",1,6g5dm4ng,,0,0,0,0,0,0
5,0,PVS 1,pothole_PVS1_frame_000017_0,refused,"('0xfdd27ed2', '0xfdd27ed2')",1,6g5dm4ng,,0,0,0,0,0,0
6,0,PVS 1,pothole_PVS1_frame_000018_0,refused,"('0xfdd27ed2', '0xfdd27ed2')",1,6g5dm4ng,,0,0,0,0,0,0
7,0,PVS 1,pothole_PVS1_frame_000019_0,refused,"('0xfdd27ed2', '0xfdd27ed2')",1,6g5dm4ng,,0,0,0,0,0,0
8,0,PVS 1,pothole_PVS1_frame_000020_0,refused,"('0xfdd27ed2', '0xfdd27ed2')",1,6g5dm4ng,,0,0,0,0,0,0
9,0,PVS 1,pothole_PVS1_frame_000024_0,refused,"('0xfdd27ed2', '0xfdd27ed2')",1,6g5dm4ng,,0,0,0,0,0,0
10,0,PVS 1,pothole_PVS1_frame_000025_0,refused,"('0xfdd27ed2', '0xfdd27ed2')",1,6g5dm4ng,,0,0,0,0,0,0
11,0,PVS 1,pothole_PVS1_frame_000028_0,refused,"('0xfdd27ed2', '0xfdd27ed2')",1,6g5dm4ng,,0,0,0,0,0,0
12,0,PVS 1,pothole_PVS1_frame_000031_0,refused,"('0xfdd27ed2', '0xfdd27ed2')",1,6g5dm4ng,,0,0,0,0,0,0
13,0,PVS 1,pothole_PVS1_frame_000035_0,refused,"('0xfdd27ed2', '0xfdd27ed2')",1,6g5dm4ng,,0,0,0,0,0,0
14,0,PVS 1,pothole_PVS1_frame_000038_0,refused,"('0xfdd27ed2', '0xfdd27ed2')",1,6g5dm4ng,,0,0,0,0,0,0
15,0,PVS 1,pothole_PVS1_frame_000039_0,refused,"('0xfdd27ed2', '0xfdd27ed2')",1,6g5dm4ng,,0,0,0,0,0,0
16,0,PVS 1,pothole_PVS1_frame_000040_0,refused,"('0xfdd27ed2', '0xfdd27ed2')",1,6g5dm4ng,,0,0,0,0,0,0
17,0,PVS 1,pothole_PVS1_frame_000041_0,refused,"('0xfdd27ed2', '0xfdd27ed2')",1,6g5dm4ng,,0,0,0,0,0,0
18,0,PVS 1,pothole_PVS1_frame_000042_0,refused,"('0xfdd27ed2', '0xfdd27ed2')",1,6g5dm4ng,,0,0,0,0,0,0
19,0,PVS 1,pothole_PVS1_frame_000043_0,refused,"('0xfdd27ed2', '0xfdd27ed2')",1,6g5dm4ng,,0,0,0,0,0,0
20,0,PVS 1,pothole_PVS1_frame_000044_0,refused,"('0xfdd27ed2', '0xfdd27ed2')",1,6g5dm4ng,,0,0,0,0,0,0
21,0,PVS 1,pothole_PVS1_frame_000048_0,refused,"('0xfdd27ed2', '0xfdd27ed2')",1,6g5dm4ng,,0,0,0,0,0,0
22,0,PVS 1,pothole_PVS1_frame_000052_0,refused,"('0xfdd27ed2', '0xfdd27ed2')",1,6g5dm4ng,,0,0,0,0,0,0
23,0,PVS 1,pothole_PVS1_frame_000055_0,refused,"('0xfdd27ed2', '0xfdd27ed2')",1,6g5dm4ng,,0,0,0,0,0,0
24,0,PVS 1,pothole_PVS1_frame_000067_0,refused,"('0xfdd27ed2', '0xfdd27ed2')",1,6g5dm4ng,,0,0,0,0,0,0
25,0,PVS 1,pothole_PVS1_frame_000077_0,refused,"('0xfdd27ed2', '0xfdd27ed2')",1,6g5dm4ng,,0,0,0,0,0,0
26,0,PVS 1,pothole_PVS1_frame_000080_0,refused,"('0xfdd27ed2', '0xfdd27ed2')",1,6g5dm4ng,,0,0,0,0,0,0
27,0,PVS 1,pothole_PVS1_frame_000162_0,refused,"('0xfdd27ed2', '0xfdd27ed2')",1,6g5dm4ng,,0,0,0,0,0,0
28,0,PVS 1,pothole_PVS1_frame_000179_0,refused,"('0xfdd27ed2', '0xfdd27ed2')",1,6g5dm4ng,,0,0,0,0,0,0
29,0,PVS 1,pothole_PVS1_frame_000182_0,refused,"('0xfdd27ed2', '0xfdd27ed2')",1,6g5dm4ng,,0,0,0,0,0,0
30,0,PVS 1,pothole_PVS1_frame_000186_0,refused,"('0xfdd27ed2', '0xfdd27ed2')",1,6g5dm4ng,,0,0,0,0,0,0
31,0,PVS 1,pothole_PVS1_frame_000211_0,refused,"('0xfdd27ed2', '0xfdd27ed2')",1,6g5dm4ng,,0,0,0,0,0,0
32,0,PVS 1,pothole_PVS1_frame_000212_0,refused,"('0xfdd27ed2', '0xfdd27ed2')",1,6g5dm4ng,,0,0,0,0,0,0
33,0,PVS 1,pothole_PVS1_frame_000243_0,refused,"('0xfdd27ed2', '0xfdd27ed2')",1,6g5dm4ng,,0,0,0,0,0,0
34,0,PVS 1,pothole_PVS1_frame_000385_0,refused,"('0xfdd27ed2', '0xfdd27ed2')",1,6g5dm4nu,,0,0,0,0,0,0
35,0,PVS 1,pothole_PVS1_frame_000399_0,refused,"('0xfdd27ed2', '0xfdd27ed2')",1,6g5dm4nt,,0,0,0,0,0,0
36,0,PVS 1,pothole_PVS1_frame_000399_1,refused,"('0xfdd27ed2', '0xfdd27ed2')",1,6g5dm4nt,,0,0,0,0,0,0
37,0,PVS 1,pothole_PVS1_frame_000400_0,refused,"('0xfdd27ed2', '0xfdd27ed2')",1,6g5dm4nt,,0,0,0,0,0,0
38,0,PVS 1,pothole_PVS1_frame_000443_0,refused,"('0xfdd27ed2', '0xfdd27ed2')",4,6g5dm4mg,,0,0,0,0,0,0
39,0,PVS 1,pothole_PVS1_frame_000509_0,refused,"('0xfdd27ed2', '0xfdd27ed2')",5,6g5dm4u2,,0,0,0,0,0,0
40,0,PVS 1,pothole_PVS1_frame_000509_1,refused,"('0xfdd27ed2', '0xfdd27ed2')",5,6g5dm4u2,,0,0,0,0,0,0
41,0,PVS 1,pothole_PVS1_frame_000510_0,refused,"('0xfdd27ed2', '0xfdd27ed2')",5,6g5dm4u2,,0,0,0,0,0,0
42,0,PVS 1,pothole_PVS1_frame_000533_0,refused,('0x62b244c0000000000000000000000000000000000000000000000000000000000000000000000000000000000000000000000000000000000000,,6g5dm4gt,,0,0,0,0,0,0
43,0,PVS 1,pothole_PVS1_frame_000537_0,refused,('0x62b244c0000000000000000000000000000000000000000000000000000000000000000000000000000000000000000000000000000000000000,,6g5dm4gq,,0,0,0,0,0,0
44,0,PVS 1,pothole_PVS1_frame_000631_0,refused,('0x62b244c0000000000000000000000000000000000000000000000000000000000000000000000000000000000000000000000000000000000000,,6g5dm584,,0,0,0,0,0,0
45,0,PVS 1,pothole_PVS1_frame_000635_0,refused,('0x62b244c0000000000000000000000000000000000000000000000000000000000000000000000000000000000000000000000000000000000000,,6g5dm585,,0,0,0,0,0,0
46,0,PVS 1,pothole_PVS1_frame_000652_0,refused,('0x62b244c0000000000000000000000000000000000000000000000000000000000000000000000000000000000000000000000000000000000000,,6g5dkgzb,,0,0,0,0,0,0
47,0,PVS 1,pothole_PVS1_frame_000655_0,refused,('0x62b244c0000000000000000000000000000000000000000000000000000000000000000000000000000000000000000000000000000000000000,,6g5dkgzc,,0,0,0,0,0,0
48,0,PVS 1,pothole_PVS1_frame_000663_0,refused,('0x62b244c0000000000000000000000000000000000000000000000000000000000000000000000000000000000000000000000000000000000000,,6g5dkgzg,,0,0,0,0,0,0
49,0,PVS 1,pothole_PVS1_frame_000664_0,refused,('0x62b244c0000000000000000000000000000000000000000000000000000000000000000000000000000000000000000000000000000000000000,,6g5dkgzg,,0,0,0,0,0,0
50,0,PVS 1,pothole_PVS1_frame_000665_0,refused,('0x62b244c0000000000000000000000000000000000000000000000000000000000000000000000000000000000000000000000000000000000000,,6g5dkgzv,,0,0,0,0,0,0
51,0,PVS 1,pothole_PVS1_frame_000666_0,refused,('0x62b244c0000000000000000000000000000000000000000000000000000000000000000000000000000000000000000000000000000000000000,,6g5dkgzv,,0,0,0,0,0,0
52,0,PVS 1,pothole_PVS1_frame_000668_0,refused,('0x62b244c0000000000000000000000000000000000000000000000000000000000000000000000000000000000000000000000000000000000000,,6g5dkgzv,,0,0,0,0,0,0
53,0,PVS 1,pothole_PVS1_frame_000699_0,refused,('0x62b244c0000000000000000000000000000000000000000000000000000000000000000000000000000000000000000000000000000000000000,,6g5dkur8,,0,0,0,0,0,0
54,0,PVS 1,pothole_PVS1_frame_000700_0,refused,('0x62b244c0000000000000000000000000000000000000000000000000000000000000000000000000000000000000000000000000000000000000,,6g5dkur8,,0,0,0,0,0,0
55,0,PVS 1,pothole_PVS1_frame_000749_0,refused,('0x62b244c0000000000000000000000000000000000000000000000000000000000000000000000000000000000000000000000000000000000000,,6g5dkuxr,,0,0,0,0,0,0
56,0,PVS 1,pothole_PVS1_frame_000749_1,refused,('0x62b244c0000000000000000000000000000000000000000000000000000000000000000000000000000000000000000000000000000000000000,,6g5dkuxr,,0,0,0,0,0,0
57,0,PVS 1,pothole_PVS1_frame_000750_0,refused,('0x62b244c0000000000000000000000000000000000000000000000000000000000000000000000000000000000000000000000000000000000000,,6g5dkuxr,,0,0,0,0,0,0
58,0,PVS 1,pothole_PVS1_frame_000750_1,refused,('0x62b244c0000000000000000000000000000000000000000000000000000000000000000000000000000000000000000000000000000000000000,,6g5dkuxr,,0,0,0,0,0,0
59,0,PVS 1,pothole_PVS1_frame_000751_0,refused,('0x62b244c0000000000000000000000000000000000000000000000000000000000000000000000000000000000000000000000000000000000000,,6g5dkuxr,,0,0,0,0,0,0
60,0,PVS 1,pothole_PVS1_frame_000751_1,refused,('0x62b244c0000000000000000000000000000000000000000000000000000000000000000000000000000000000000000000000000000000000000,,6g5dkuxr,,0,0,0,0,0,0
61,0,PVS 1,pothole_PVS1_frame_000751_2,refused,('0x62b244c0000000000000000000000000000000000000000000000000000000000000000000000000000000000000000000000000000000000000,,6g5dkuxr,,0,0,0,0,0,0
62,0,PVS 1,pothole_PVS1_frame_000752_0,refused,('0x62b244c0000000000000000000000000000000000000000000000000000000000000000000000000000000000000000000000000000000000000,,6g5dkuz3,,0,0,0,0,0,0
63,0,PVS 1,pothole_PVS1_frame_000752_1,refused,('0x62b244c0000000000000000000000000000000000000000000000000000000000000000000000000000000000000000000000000000000000000,,6g5dkuz3,,0,0,0,0,0,0
64,0,PVS 1,pothole_PVS1_frame_000754_0,refused,('0x62b244c0000000000000000000000000000000000000000000000000000000000000000000000000000000000000000000000000000000000000,,6g5dkuz3,,0,0,0,0,0,0
65,0,PVS 1,pothole_PVS1_frame_000755_0,refused,('0x62b244c0000000000000000000000000000000000000000000000000000000000000000000000000000000000000000000000000000000000000,,6g5dkuz3,,0,0,0,0,0,0
66,0,PVS 1,pothole_PVS1_frame_000755_1,refused,('0x62b244c0000000000000000000000000000000000000000000000000000000000000000000000000000000000000000000000000000000000000,,6g5dkuz3,,0,0,0,0,0,0
67,0,PVS 1,pothole_PVS1_frame_000756_0,refused,('0x62b244c0000000000000000000000000000000000000000000000000000000000000000000000000000000000000000000000000000000000000,,6g5dkuz6,,0,0,0,0,0,0
68,0,PVS 1,pothole_PVS1_frame_000757_0,refused,('0x62b244c0000000000000000000000000000000000000000000000000000000000000000000000000000000000000000000000000000000000000,,6g5dkuz6,,0,0,0,0,0,0
69,0,PVS 1,pothole_PVS1_frame_000758_0,refused,('0x62b244c0000000000000000000000000000000000000000000000000000000000000000000000000000000000000000000000000000000000000,,6g5dkuz6,,0,0,0,0,0,0
70,0,PVS 1,pothole_PVS1_frame_000759_0,refused,('0x62b244c0000000000000000000000000000000000000000000000000000000000000000000000000000000000000000000000000000000000000,,6g5dkuz7,,0,0,0,0,0,0
71,0,PVS 1,pothole_PVS1_frame_000759_1,refused,('0x62b244c0000000000000000000000000000000000000000000000000000000000000000000000000000000000000000000000000000000000000,,6g5dkuz7,,0,0,0,0,0,0
72,0,PVS 1,pothole_PVS1_frame_000759_2,refused,('0x62b244c0000000000000000000000000000000000000000000000000000000000000000000000000000000000000000000000000000000000000,,6g5dkuz7,,0,0,0,0,0,0
73,0,PVS 1,pothole_PVS1_frame_000760_0,refused,('0x62b244c0000000000000000000000000000000000000000000000000000000000000000000000000000000000000000000000000000000000000,,6g5dkuz7,,0,0,0,0,0,0
74,0,PVS 1,pothole_PVS1_frame_000760_1,refused,('0x62b244c0000000000000000000000000000000000000000000000000000000000000000000000000000000000000000000000000000000000000,,6g5dkuz7,,0,0,0,0,0,0
75,0,PVS 1,pothole_PVS1_frame_000760_2,refused,('0x62b244c0000000000000000000000000000000000000000000000000000000000000000000000000000000000000000000000000000000000000,,6g5dkuz7,,0,0,0,0,0,0
76,0,PVS 1,pothole_PVS1_frame_000761_0,refused,('0x62b244c0000000000000000000000000000000000000000000000000000000000000000000000000000000000000000000000000000000000000,,6g5dkuz7,,0,0,0,0,0,0
77,0,PVS 1,pothole_PVS1_frame_000799_0,refused,('0x62b244c0000000000000000000000000000000000000000000000000000000000000000000000000000000000000000000000000000000000000,,6g5dkvnq,,0,0,0,0,0,0
78,0,PVS 1,pothole_PVS1_frame_000807_0,refused,('0x62b244c0000000000000000000000000000000000000000000000000000000000000000000000000000000000000000000000000000000000000,,6g5dkvq0,,0,0,0,0,0,0
79,0,PVS 1,pothole_PVS1_frame_000819_0,refused,('0x62b244c0000000000000000000000000000000000000000000000000000000000000000000000000000000000000000000000000000000000000,,6g5dkvmu,,0,0,0,0,0,0
80,0,PVS 1,pothole_PVS1_frame_000834_0,refused,('0x62b244c0000000000000000000000000000000000000000000000000000000000000000000000000000000000000000000000000000000000000,,6g5dkvtc,,0,0,0,0,0,0
81,0,PVS 1,pothole_PVS1_frame_000844_0,refused,('0x62b244c0000000000000000000000000000000000000000000000000000000000000000000000000000000000000000000000000000000000000,,6g5dkvtv,,0,0,0,0,0,0
82,0,PVS 1,pothole_PVS1_frame_000849_0,refused,('0x62b244c0000000000000000000000000000000000000000000000000000000000000000000000000000000000000000000000000000000000000,,6g5dkvtz,,0,0,0,0,0,0
83,0,PVS 1,pothole_PVS1_frame_000861_0,refused,('0x62b244c0000000000000000000000000000000000000000000000000000000000000000000000000000000000000000000000000000000000000,,6g5dkvyh,,0,0,0,0,0,0
84,0,PVS 1,pothole_PVS1_frame_000884_0,refused,('0x62b244c0000000000000000000000000000000000000000000000000000000000000000000000000000000000000000000000000000000000000,,6g5dkynh,,0,0,0,0,0,0
85,0,PVS 1,pothole_PVS1_frame_000889_0,refused,('0x62b244c0000000000000000000000000000000000000000000000000000000000000000000000000000000000000000000000000000000000000,,6g5dkynj,,0,0,0,0,0,0
86,0,PVS 1,pothole_PVS1_frame_000911_0,refused,('0x62b244c0000000000000000000000000000000000000000000000000000000000000000000000000000000000000000000000000000000000000,,6g5dkymt,,0,0,0,0,0,0
87,0,PVS 1,pothole_PVS1_frame_000937_0,refused,('0x62b244c0000000000000000000000000000000000000000000000000000000000000000000000000000000000000000000000000000000000000,,6g5dkytq,,0,0,0,0,0,0
88,0,PVS 1,pothole_PVS1_frame_000957_0,refused,('0x62b244c0000000000000000000000000000000000000000000000000000000000000000000000000000000000000000000000000000000000000,,6g5dkyvj,,0,0,0,0,0,0
89,0,PVS 1,pothole_PVS1_frame_000958_0,refused,('0x62b244c0000000000000000000000000000000000000000000000000000000000000000000000000000000000000000000000000000000000000,,6g5dkyvj,,0,0,0,0,0,0
90,0,PVS 1,pothole_PVS1_frame_000965_0,refused,('0x62b244c0000000000000000000000000000000000000000000000000000000000000000000000000000000000000000000000000000000000000,,6g5dkyuz,,0,0,0,0,0,0
91,0,PVS 1,pothole_PVS1_frame_000966_0,refused,('0x62b244c0000000000000000000000000000000000000000000000000000000000000000000000000000000000000000000000000000000000000,,6g5dkzh8,,0,0,0,0,0,0
92,0,PVS 1,pothole_PVS1_frame_000967_0,refused,('0x62b244c0000000000000000000000000000000000000000000000000000000000000000000000000000000000000000000000000000000000000,,6g5dkzh8,,0,0,0,0,0,0
93,0,PVS 1,pothole_PVS1_frame_000982_0,refused,('0x62b244c0000000000000000000000000000000000000000000000000000000000000000000000000000000000000000000000000000000000000,,6g5dkzh5,,0,0,0,0,0,0
94,0,PVS 1,pothole_PVS1_frame_001004_0,refused,('0x62b244c0000000000000000000000000000000000000000000000000000000000000000000000000000000000000000000000000000000000000,,6g5dkz70,,0,0,0,0,0,0
95,0,PVS 1,pothole_PVS1_frame_001032_0,refused,('0x62b244c0000000000000000000000000000000000000000000000000000000000000000000000000000000000000000000000000000000000000,,6g5dkz6k,,0,0,0,0,0,0
96,0,PVS 1,pothole_PVS1_frame_001032_1,refused,('0x62b244c0000000000000000000000000000000000000000000000000000000000000000000000000000000000000000000000000000000000000,,6g5dkz6k,,0,0,0,0,0,0
97,0,PVS 1,pothole_PVS1_frame_001034_0,refused,('0x62b244c0000000000000000000000000000000000000000000000000000000000000000000000000000000000000000000000000000000000000,,6g5dkz6h,,0,0,0,0,0,0
98,0,PVS 1,pothole_PVS1_frame_001037_0,refused,('0x62b244c0000000000000000000000000000000000000000000000000000000000000000000000000000000000000000000000000000000000000,,6g5dkz6h,,0,0,0,0,0,0
99,0,PVS 1,pothole_PVS1_frame_001039_0,refused,('0x62b244c0000000000000000000000000000000000000000000000000000000000000000000000000000000000000000000000000000000000000,,6g5dkz3u,,0,0,0,0,0,0
100,0,PVS 1,pothole_PVS1_frame_001042_0,refused,('0x62b244c0000000000000000000000000000000000000000000000000000000000000000000000000000000000000000000000000000000000000,,6g5dkz3u,,0,0,0,0,0,0
101,0,PVS 1,pothole_PVS1_frame_001048_0,refused,('0x62b244c0000000000000000000000000000000000000000000000000000000000000000000000000000000000000000000000000000000000000,,6g5dkz3s,,0,0,0,0,0,0
102,0,PVS 1,pothole_PVS1_frame_001049_0,refused,('0x62b244c0000000000000000000000000000000000000000000000000000000000000000000000000000000000000000000000000000000000000,,6g5dkz3s,,0,0,0,0,0,0
103,0,PVS 1,pothole_PVS1_frame_001050_0,refused,('0x62b244c0000000000000000000000000000000000000000000000000000000000000000000000000000000000000000000000000000000000000,,6g5dkz3s,,0,0,0,0,0,0
104,0,PVS 1,pothole_PVS1_frame_001052_0,refused,('0x62b244c0000000000000000000000000000000000000000000000000000000000000000000000000000000000000000000000000000000000000,,6g5dkz3s,,0,0,0,0,0,0
105,0,PVS 1,pothole_PVS1_frame_001052_1,refused,('0x62b244c0000000000000000000000000000000000000000000000000000000000000000000000000000000000000000000000000000000000000,,6g5dkz3s,,0,0,0,0,0,0
106,0,PVS 1,pothole_PVS1_frame_001054_0,refused,('0x62b244c0000000000000000000000000000000000000000000000000000000000000000000000000000000000000000000000000000000000000,,6g5dkz3k,,0,0,0,0,0,0
107,0,PVS 1,pothole_PVS1_frame_001059_0,refused,('0x62b244c0000000000000000000000000000000000000000000000000000000000000000000000000000000000000000000000000000000000000,,6g5dkz3k,,0,0,0,0,0,0
108,0,PVS 1,pothole_PVS1_frame_001062_0,refused,('0x62b244c0000000000000000000000000000000000000000000000000000000000000000000000000000000000000000000000000000000000000,,6g5dkz3h,,0,0,0,0,0,0
109,0,PVS 1,pothole_PVS1_frame_001065_0,refused,('0x62b244c0000000000000000000000000000000000000000000000000000000000000000000000000000000000000000000000000000000000000,,6g5dkz2u,,0,0,0,0,0,0
110,0,PVS 1,pothole_PVS1_frame_001066_0,refused,('0x62b244c0000000000000000000000000000000000000000000000000000000000000000000000000000000000000000000000000000000000000,,6g5dkz2u,,0,0,0,0,0,0
111,0,PVS 1,pothole_PVS1_frame_001068_0,refused,('0x62b244c0000000000000000000000000000000000000000000000000000000000000000000000000000000000000000000000000000000000000,,6g5dkz2u,,0,0,0,0,0,0
112,0,PVS 1,pothole_PVS1_frame_001068_1,refused,('0x62b244c0000000000000000000000000000000000000000000000000000000000000000000000000000000000000000000000000000000000000,,6g5dkz2u,,0,0,0,0,0,0
113,0,PVS 1,pothole_PVS1_frame_001069_0,refused,('0x62b244c0000000000000000000000000000000000000000000000000000000000000000000000000000000000000000000000000000000000000,,6g5dkz2u,,0,0,0,0,0,0
114,0,PVS 1,pothole_PVS1_frame_001070_0,refused,('0x62b244c0000000000000000000000000000000000000000000000000000000000000000000000000000000000000000000000000000000000000,,6g5dkz2u,,0,0,0,0,0,0
115,0,PVS 1,pothole_PVS1_frame_001079_0,refused,('0x62b244c0000000000000000000000000000000000000000000000000000000000000000000000000000000000000000000000000000000000000,,6g5dkz2k,,0,0,0,0,0,0
116,0,PVS 1,pothole_PVS1_frame_001080_0,refused,('0x62b244c0000000000000000000000000000000000000000000000000000000000000000000000000000000000000000000000000000000000000,,6g5dkz2k,,0,0,0,0,0,0
117,0,PVS 1,pothole_PVS1_frame_001081_0,refused,('0x62b244c0000000000000000000000000000000000000000000000000000000000000000000000000000000000000000000000000000000000000,,6g5dkz2k,,0,0,0,0,0,0
118,0,PVS 1,pothole_PVS1_frame_001087_0,refused,('0x62b244c0000000000000000000000000000000000000000000000000000000000000000000000000000000000000000000000000000000000000,,6g5dkz2h,,0,0,0,0,0,0
119,0,PVS 1,pothole_PVS1_frame_001100_0,refused,('0x62b244c0000000000000000000000000000000000000000000000000000000000000000000000000000000000000000000000000000000000000,,6g5dkxrv,,0,0,0,0,0,0
120,0,PVS 1,pothole_PVS1_frame_001102_0,refused,('0x62b244c0000000000000000000000000000000000000000000000000000000000000000000000000000000000000000000000000000000000000,,6g5dkxrv,,0,0,0,0,0,0
121,0,PVS 1,pothole_PVS1_frame_001103_0,refused,('0x62b244c0000000000000000000000000000000000000000000000000000000000000000000000000000000000000000000000000000000000000,,6g5dkxrv,,0,0,0,0,0,0
122,0,PVS 1,pothole_PVS1_frame_001105_0,refused,('0x62b244c0000000000000000000000000000000000000000000000000000000000000000000000000000000000000000000000000000000000000,,6g5dkxrt,,0,0,0,0,0,0
123,0,PVS 1,pothole_PVS1_frame_001111_0,refused,('0x62b244c0000000000000000000000000000000000000000000000000000000000000000000000000000000000000000000000000000000000000,,6g5dkxrt,,0,0,0,0,0,0
124,0,PVS 1,pothole_PVS1_frame_001123_0,refused,('0x62b244c0000000000000000000000000000000000000000000000000000000000000000000000000000000000000000000000000000000000000,,6g5dkxrt,,0,0,0,0,0,0
125,0,PVS 1,pothole_PVS1_frame_001124_0,refused,('0x62b244c0000000000000000000000000000000000000000000000000000000000000000000000000000000000000000000000000000000000000,,6g5dkxrm,,0,0,0,0,0,0
126,0,PVS 1,pothole_PVS1_frame_001132_0,refused,('0x62b244c0000000000000000000000000000000000000000000000000000000000000000000000000000000000000000000000000000000000000,,6g5dkxrm,,0,0,0,0,0,0
127,0,PVS 1,pothole_PVS1_frame_001133_0,refused,('0x62b244c0000000000000000000000000000000000000000000000000000000000000000000000000000000000000000000000000000000000000,,6g5dkxrm,,0,0,0,0,0,0
128,0,PVS 1,pothole_PVS1_frame_001144_0,refused,('0x62b244c0000000000000000000000000000000000000000000000000000000000000000000000000000000000000000000000000000000000000,,6g5dkxrn,,0,0,0,0,0,0
129,0,PVS 1,pothole_PVS1_frame_001144_1,refused,('0x62b244c0000000000000000000000000000000000000000000000000000000000000000000000000000000000000000000000000000000000000,,6g5dkxrn,,0,0,0,0,0,0
130,0,PVS 1,pothole_PVS1_frame_001145_0,refused,('0x62b244c0000000000000000000000000000000000000000000000000000000000000000000000000000000000000000000000000000000000000,,6g5dkxrn,,0,0,0,0,0,0
131,0,PVS 1,pothole_PVS1_frame_001145_1,refused,('0x62b244c0000000000000000000000000000000000000000000000000000000000000000000000000000000000000000000000000000000000000,,6g5dkxrn,,0,0,0,0,0,0
132,0,PVS 1,pothole_PVS1_frame_001146_0,refused,('0x62b244c0000000000000000000000000000000000000000000000000000000000000000000000000000000000000000000000000000000000000,,6g5dkxrn,,0,0,0,0,0,0
133,0,PVS 1,pothole_PVS1_frame_001147_0,refused,('0x62b244c0000000000000000000000000000000000000000000000000000000000000000000000000000000000000000000000000000000000000,,6g5dkxrj,,0,0,0,0,0,0
134,0,PVS 1,pothole_PVS1_frame_001149_0,refused,('0x62b244c0000000000000000000000000000000000000000000000000000000000000000000000000000000000000000000000000000000000000,,6g5dkxrj,,0,0,0,0,0,0
135,0,PVS 1,pothole_PVS1_frame_001150_0,refused,('0x62b244c0000000000000000000000000000000000000000000000000000000000000000000000000000000000000000000000000000000000000,,6g5dkxrj,,0,0,0,0,0,0
136,0,PVS 1,pothole_PVS1_frame_001151_0,refused,('0x62b244c0000000000000000000000000000000000000000000000000000000000000000000000000000000000000000000000000000000000000,,6g5dkxrj,,0,0,0,0,0,0
137,0,PVS 1,pothole_PVS1_frame_001152_0,refused,('0x62b244c0000000000000000000000000000000000000000000000000000000000000000000000000000000000000000000000000000000000000,,6g5dkxrj,,0,0,0,0,0,0
138,0,PVS 1,pothole_PVS1_frame_001154_0,refused,('0x62b244c0000000000000000000000000000000000000000000000000000000000000000000000000000000000000000000000000000000000000,,6g5dkxrj,,0,0,0,0,0,0
139,0,PVS 1,pothole_PVS1_frame_001155_0,refused,('0x62b244c0000000000000000000000000000000000000000000000000000000000000000000000000000000000000000000000000000000000000,,6g5dkxrj,,0,0,0,0,0,0
140,0,PVS 1,pothole_PVS1_frame_001156_0,refused,('0x62b244c0000000000000000000000000000000000000000000000000000000000000000000000000000000000000000000000000000000000000,,6g5dkxrj,,0,0,0,0,0,0
141,0,PVS 1,pothole_PVS1_frame_001157_0,refused,('0x62b244c0000000000000000000000000000000000000000000000000000000000000000000000000000000000000000000000000000000000000,,6g5dkxrj,,0,0,0,0,0,0
142,0,PVS 1,pothole_PVS1_frame_001158_0,refused,('0x62b244c0000000000000000000000000000000000000000000000000000000000000000000000000000000000000000000000000000000000000,,6g5dkxrj,,0,0,0,0,0,0
143,0,PVS 1,pothole_PVS1_frame_001160_0,refused,('0x62b244c0000000000000000000000000000000000000000000000000000000000000000000000000000000000000000000000000000000000000,,6g5dkxrj,,0,0,0,0,0,0
144,0,PVS 1,pothole_PVS1_frame_001165_0,refused,('0x62b244c0000000000000000000000000000000000000000000000000000000000000000000000000000000000000000000000000000000000000,,6g5dkxrj,,0,0,0,0,0,0
145,0,PVS 1,pothole_PVS1_frame_001174_0,refused,('0x62b244c0000000000000000000000000000000000000000000000000000000000000000000000000000000000000000000000000000000000000,,6g5dkxqv,,0,0,0,0,0,0
146,0,PVS 1,pothole_PVS1_frame_001200_0,refused,('0x62b244c0000000000000000000000000000000000000000000000000000000000000000000000000000000000000000000000000000000000000,,6g5dkxqs,,0,0,0,0,0,0
147,0,PVS 1,pothole_PVS1_frame_001203_0,refused,('0x62b244c0000000000000000000000000000000000000000000000000000000000000000000000000000000000000000000000000000000000000,,6g5dkxqs,,0,0,0,0,0,0
148,0,PVS 1,pothole_PVS1_frame_001204_0,refused,('0x62b244c0000000000000000000000000000000000000000000000000000000000000000000000000000000000000000000000000000000000000,,6g5dkxqs,,0,0,0,0,0,0
149,0,PVS 1,pothole_PVS1_frame_001205_0,refused,('0x62b244c0000000000000000000000000000000000000000000000000000000000000000000000000000000000000000000000000000000000000,,6g5dkxqs,,0,0,0,0,0,0
150,0,PVS 1,pothole_PVS1_frame_001207_0,refused,('0x62b244c0000000000000000000000000000000000000000000000000000000000000000000000000000000000000000000000000000000000000,,6g5dkxqk,,0,0,0,0,0,0
151,0,PVS 1,pothole_PVS1_frame_001208_0,refused,('0x62b244c0000000000000000000000000000000000000000000000000000000000000000000000000000000000000000000000000000000000000,,6g5dkxqk,,0,0,0,0,0,0
152,0,PVS 1,pothole_PVS1_frame_001211_0,refused,('0x62b244c0000000000000000000000000000000000000000000000000000000000000000000000000000000000000000000000000000000000000,,6g5dkxqk,,0,0,0,0,0,0
153,0,PVS 1,pothole_PVS1_frame_001215_0,refused,('0x62b244c0000000000000000000000000000000000000000000000000000000000000000000000000000000000000000000000000000000000000,,6g5dkxqk,,0,0,0,0,0,0
154,0,PVS 1,pothole_PVS1_frame_001220_0,refused,('0x62b244c0000000000000000000000000000000000000000000000000000000000000000000000000000000000000000000000000000000000000,,6g5dkxqk,,0,0,0,0,0,0
155,0,PVS 1,pothole_PVS1_frame_001221_0,refused,('0x62b244c0000000000000000000000000000000000000000000000000000000000000000000000000000000000000000000000000000000000000,,6g5dkxqk,,0,0,0,0,0,0
156,0,PVS 1,pothole_PVS1_frame_001222_0,refused,('0x62b244c0000000000000000000000000000000000000000000000000000000000000000000000000000000000000000000000000000000000000,,6g5dkxqk,,0,0,0,0,0,0
157,0,PVS 1,pothole_PVS1_frame_001223_0,refused,('0x62b244c0000000000000000000000000000000000000000000000000000000000000000000000000000000000000000000000000000000000000,,6g5dkxqk,,0,0,0,0,0,0
158,0,PVS 1,pothole_PVS1_frame_001250_0,refused,('0x62b244c0000000000000000000000000000000000000000000000000000000000000000000000000000000000000000000000000000000000000,,6g5dkxmg,,0,0,0,0,0,0
159,0,PVS 1,pothole_PVS1_frame_001302_0,refused,('0x62b244c0000000000000000000000000000000000000000000000000000000000000000000000000000000000000000000000000000000000000,,6g5dkxkf,,0,0,0,0,0,0
160,0,PVS 1,pothole_PVS1_frame_001303_0,refused,('0x62b244c0000000000000000000000000000000000000000000000000000000000000000000000000000000000000000000000000000000000000,,6g5dkxkf,,0,0,0,0,0,0
161,0,PVS 1,pothole_PVS1_frame_001303_1,refused,('0x62b244c0000000000000000000000000000000000000000000000000000000000000000000000000000000000000000000000000000000000000,,6g5dkxkf,,0,0,0,0,0,0
162,0,PVS 1,pothole_PVS1_frame_001304_0,refused,('0x62b244c0000000000000000000000000000000000000000000000000000000000000000000000000000000000000000000000000000000000000,,6g5dkxkf,,0,0,0,0,0,0
163,0,PVS 1,pothole_PVS1_frame_001306_0,refused,('0x62b244c0000000000000000000000000000000000000000000000000000000000000000000000000000000000000000000000000000000000000,,6g5dkxkf,,0,0,0,0,0,0
164,0,PVS 1,pothole_PVS1_frame_001307_0,refused,('0x62b244c0000000000000000000000000000000000000000000000000000000000000000000000000000000000000000000000000000000000000,,6g5dkxkf,,0,0,0,0,0,0
165,0,PVS 1,pothole_PVS1_frame_001308_0,refused,('0x62b244c0000000000000000000000000000000000000000000000000000000000000000000000000000000000000000000000000000000000000,,6g5dkxkf,,0,0,0,0,0,0
166,0,PVS 1,pothole_PVS1_frame_001308_1,refused,('0x62b244c0000000000000000000000000000000000000000000000000000000000000000000000000000000000000000000000000000000000000,,6g5dkxkf,,0,0,0,0,0,0
167,0,PVS 1,pothole_PVS1_frame_001309_0,refused,('0x62b244c0000000000000000000000000000000000000000000000000000000000000000000000000000000000000000000000000000000000000,,6g5dkxkd,,0,0,0,0,0,0
168,0,PVS 1,pothole_PVS1_frame_001310_0,refused,('0x62b244c0000000000000000000000000000000000000000000000000000000000000000000000000000000000000000000000000000000000000,,6g5dkxkd,,0,0,0,0,0,0
169,0,PVS 1,pothole_PVS1_frame_001310_1,refused,('0x62b244c0000000000000000000000000000000000000000000000000000000000000000000000000000000000000000000000000000000000000,,6g5dkxkd,,0,0,0,0,0,0
170,0,PVS 1,pothole_PVS1_frame_001310_2,refused,('0x62b244c0000000000000000000000000000000000000000000000000000000000000000000000000000000000000000000000000000000000000,,6g5dkxkd,,0,0,0,0,0,0
171,0,PVS 1,pothole_PVS1_frame_001311_0,refused,('0x62b244c0000000000000000000000000000000000000000000000000000000000000000000000000000000000000000000000000000000000000,,6g5dkxkd,,0,0,0,0,0,0
172,0,PVS 1,pothole_PVS1_frame_001311_1,refused,('0x62b244c0000000000000000000000000000000000000000000000000000000000000000000000000000000000000000000000000000000000000,,6g5dkxkd,,0,0,0,0,0,0
173,0,PVS 1,pothole_PVS1_frame_001312_0,refused,('0x62b244c0000000000000000000000000000000000000000000000000000000000000000000000000000000000000000000000000000000000000,,6g5dkxkd,,0,0,0,0,0,0
174,0,PVS 1,pothole_PVS1_frame_001312_1,refused,('0x62b244c0000000000000000000000000000000000000000000000000000000000000000000000000000000000000000000000000000000000000,,6g5dkxkd,,0,0,0,0,0,0
175,0,PVS 1,pothole_PVS1_frame_001332_0,refused,('0x62b244c0000000000000000000000000000000000000000000000000000000000000000000000000000000000000000000000000000000000000,,6g5dkxk3,,0,0,0,0,0,0
176,0,PVS 1,pothole_PVS1_frame_001375_0,refused,('0x62b244c0000000000000000000000000000000000000000000000000000000000000000000000000000000000000000000000000000000000000,,6g5dkxk0,,0,0,0,0,0,0
177,0,PVS 1,pothole_PVS1_frame_001375_1,refused,('0x62b244c0000000000000000000000000000000000000000000000000000000000000000000000000000000000000000000000000000000000000,,6g5dkxk0,,0,0,0,0,0,0
178,0,PVS 1,pothole_PVS1_frame_001379_0,refused,('0x62b244c0000000000000000000000000000000000000000000000000000000000000000000000000000000000000000000000000000000000000,,6g5dkxhp,,0,0,0,0,0,0
179,0,PVS 1,pothole_PVS1_frame_001380_0,refused,('0x62b244c0000000000000000000000000000000000000000000000000000000000000000000000000000000000000000000000000000000000000,,6g5dkxhp,,0,0,0,0,0,0
180,0,PVS 1,pothole_PVS1_frame_001461_0,refused,('0x62b244c0000000000000000000000000000000000000000000000000000000000000000000000000000000000000000000000000000000000000,,6g5dkx5u,,0,0,0,0,0,0
181,0,PVS 1,pothole_PVS1_frame_001465_0,refused,('0x62b244c0000000000000000000000000000000000000000000000000000000000000000000000000000000000000000000000000000000000000,,6g5dkx5g,,0,0,0,0,0,0
182,0,PVS 1,pothole_PVS1_frame_001466_0,refused,('0x62b244c0000000000000000000000000000000000000000000000000000000000000000000000000000000000000000000000000000000000000,,6g5dkx5g,,0,0,0,0,0,0
183,0,PVS 1,pothole_PVS1_frame_001476_0,refused,('0x62b244c0000000000000000000000000000000000000000000000000000000000000000000000000000000000000000000000000000000000000,,6g5dkx5g,,0,0,0,0,0,0
184,0,PVS 1,pothole_PVS1_frame_001489_0,refused,('0x62b244c0000000000000000000000000000000000000000000000000000000000000000000000000000000000000000000000000000000000000,,6g5dkx59,,0,0,0,0,0,0
185,0,PVS 1,pothole_PVS1_frame_001492_0,refused,('0x62b244c0000000000000000000000000000000000000000000000000000000000000000000000000000000000000000000000000000000000000,,6g5dkx59,,0,0,0,0,0,0
186,0,PVS 1,pothole_PVS1_frame_001493_0,refused,('0x62b244c0000000000000000000000000000000000000000000000000000000000000000000000000000000000000000000000000000000000000,,6g5dkx59,,0,0,0,0,0,0
187,0,PVS 1,pothole_PVS1_frame_001495_0,refused,('0x62b244c0000000000000000000000000000000000000000000000000000000000000000000000000000000000000000000000000000000000000,,6g5dkx59,,0,0,0,0,0,0
188,0,PVS 1,pothole_PVS1_frame_001496_0,refused,('0x62b244c0000000000000000000000000000000000000000000000000000000000000000000000000000000000000000000000000000000000000,,6g5dkx59,,0,0,0,0,0,0
189,0,PVS 1,pothole_PVS1_frame_001497_0,refused,('0x62b244c0000000000000000000000000000000000000000000000000000000000000000000000000000000000000000000000000000000000000,,6g5dkx59,,0,0,0,0,0,0
190,0,PVS 1,pothole_PVS1_frame_001498_0,refused,('0x62b244c0000000000000000000000000000000000000000000000000000000000000000000000000000000000000000000000000000000000000,,6g5dkx59,,0,0,0,0,0,0
191,0,PVS 1,pothole_PVS1_frame_001499_0,refused,('0x62b244c0000000000000000000000000000000000000000000000000000000000000000000000000000000000000000000000000000000000000,,6g5dkx59,,0,0,0,0,0,0
192,0,PVS 1,pothole_PVS1_frame_001501_0,refused,('0x62b244c0000000000000000000000000000000000000000000000000000000000000000000000000000000000000000000000000000000000000,,6g5dkx58,,0,0,0,0,0,0
193,0,PVS 1,pothole_PVS1_frame_001502_0,refused,('0x62b244c0000000000000000000000000000000000000000000000000000000000000000000000000000000000000000000000000000000000000,,6g5dkx58,,0,0,0,0,0,0
194,0,PVS 1,pothole_PVS1_frame_001503_0,refused,('0x62b244c0000000000000000000000000000000000000000000000000000000000000000000000000000000000000000000000000000000000000,,6g5dkx58,,0,0,0,0,0,0
195,0,PVS 1,pothole_PVS1_frame_001507_0,refused,('0x62b244c0000000000000000000000000000000000000000000000000000000000000000000000000000000000000000000000000000000000000,,6g5dkx58,,0,0,0,0,0,0
196,0,PVS 1,pothole_PVS1_frame_001513_0,refused,('0x62b244c0000000000000000000000000000000000000000000000000000000000000000000000000000000000000000000000000000000000000,,6g5dkx58,,0,0,0,0,0,0
197,0,PVS 1,pothole_PVS1_frame_001514_0,refused,('0x62b244c0000000000000000000000000000000000000000000000000000000000000000000000000000000000000000000000000000000000000,,6g5dkx58,,0,0,0,0,0,0
198,0,PVS 1,pothole_PVS1_frame_001519_0,refused,('0x62b244c0000000000000000000000000000000000000000000000000000000000000000000000000000000000000000000000000000000000000,,6g5dkwgx,,0,0,0,0,0,0
199,0,PVS 1,pothole_PVS1_frame_001524_0,refused,('0x62b244c0000000000000000000000000000000000000000000000000000000000000000000000000000000000000000000000000000000000000,,6g5dkwgx,,0,0,0,0,0,0
200,0,PVS 1,pothole_PVS1_frame_001533_0,refused,('0x62b244c0000000000000000000000000000000000000000000000000000000000000000000000000000000000000000000000000000000000000,,6g5dkwgw,,0,0,0,0,0,0
201,0,PVS 1,pothole_PVS1_frame_001534_0,refused,('0x62b244c0000000000000000000000000000000000000000000000000000000000000000000000000000000000000000000000000000000000000,,6g5dkwgw,,0,0,0,0,0,0
202,0,PVS 1,pothole_PVS1_frame_001536_0,refused,('0x62b244c0000000000000000000000000000000000000000000000000000000000000000000000000000000000000000000000000000000000000,,6g5dkwgw,,0,0,0,0,0,0
203,0,PVS 1,pothole_PVS1_frame_001537_0,refused,('0x62b244c0000000000000000000000000000000000000000000000000000000000000000000000000000000000000000000000000000000000000,,6g5dkwgw,,0,0,0,0,0,0
204,0,PVS 1,pothole_PVS1_frame_001538_0,refused,('0x62b244c0000000000000000000000000000000000000000000000000000000000000000000000000000000000000000000000000000000000000,,6g5dkwgw,,0,0,0,0,0,0
205,0,PVS 1,pothole_PVS1_frame_001539_0,refused,('0x62b244c0000000000000000000000000000000000000000000000000000000000000000000000000000000000000000000000000000000000000,,6g5dkwgw,,0,0,0,0,0,0
206,0,PVS 1,pothole_PVS1_frame_001540_0,refused,('0x62b244c0000000000000000000000000000000000000000000000000000000000000000000000000000000000000000000000000000000000000,,6g5dkwgw,,0,0,0,0,0,0
207,0,PVS 1,pothole_PVS1_frame_001542_0,refused,('0x62b244c0000000000000000000000000000000000000000000000000000000000000000000000000000000000000000000000000000000000000,,6g5dkwgt,,0,0,0,0,0,0
208,0,PVS 1,pothole_PVS1_frame_001545_0,refused,('0x62b244c0000000000000000000000000000000000000000000000000000000000000000000000000000000000000000000000000000000000000,,6g5dkwgt,,0,0,0,0,0,0
209,0,PVS 1,pothole_PVS1_frame_001546_0,refused,('0x62b244c0000000000000000000000000000000000000000000000000000000000000000000000000000000000000000000000000000000000000,,6g5dkwgt,,0,0,0,0,0,0
210,0,PVS 1,pothole_PVS1_frame_001547_0,refused,('0x62b244c0000000000000000000000000000000000000000000000000000000000000000000000000000000000000000000000000000000000000,,6g5dkwgt,,0,0,0,0,0,0
211,0,PVS 1,pothole_PVS1_frame_001549_0,refused,('0x62b244c0000000000000000000000000000000000000000000000000000000000000000000000000000000000000000000000000000000000000,,6g5dkwgt,,0,0,0,0,0,0
212,0,PVS 1,pothole_PVS1_frame_001554_0,refused,('0x62b244c0000000000000000000000000000000000000000000000000000000000000000000000000000000000000000000000000000000000000,,6g5dkwgm,,0,0,0,0,0,0
213,0,PVS 1,pothole_PVS1_frame_001560_0,refused,('0x62b244c0000000000000000000000000000000000000000000000000000000000000000000000000000000000000000000000000000000000000,,6g5dkwgm,,0,0,0,0,0,0
214,0,PVS 1,pothole_PVS1_frame_001561_0,refused,('0x62b244c0000000000000000000000000000000000000000000000000000000000000000000000000000000000000000000000000000000000000,,6g5dkwgk,,0,0,0,0,0,0
215,0,PVS 1,pothole_PVS1_frame_001562_0,refused,('0x62b244c0000000000000000000000000000000000000000000000000000000000000000000000000000000000000000000000000000000000000,,6g5dkwgk,,0,0,0,0,0,0
216,0,PVS 1,pothole_PVS1_frame_001578_0,refused,('0x62b244c0000000000000000000000000000000000000000000000000000000000000000000000000000000000000000000000000000000000000,,6g5dkwgk,,0,0,0,0,0,0
217,0,PVS 1,pothole_PVS1_frame_001579_0,refused,('0x62b244c0000000000000000000000000000000000000000000000000000000000000000000000000000000000000000000000000000000000000,,6g5dkwgk,,0,0,0,0,0,0
218,0,PVS 1,pothole_PVS1_frame_001580_0,refused,('0x62b244c0000000000000000000000000000000000000000000000000000000000000000000000000000000000000000000000000000000000000,,6g5dkwgk,,0,0,0,0,0,0
219,0,PVS 1,pothole_PVS1_frame_001583_0,refused,('0x62b244c0000000000000000000000000000000000000000000000000000000000000000000000000000000000000000000000000000000000000,,6g5dkwgk,,0,0,0,0,0,0
220,0,PVS 1,pothole_PVS1_frame_001585_0,refused,('0x62b244c0000000000000000000000000000000000000000000000000000000000000000000000000000000000000000000000000000000000000,,6g5dkwgk,,0,0,0,0,0,0
221,0,PVS 1,pothole_PVS1_frame_001593_0,refused,('0x62b244c0000000000000000000000000000000000000000000000000000000000000000000000000000000000000000000000000000000000000,,6g5dkwg7,,0,0,0,0,0,0
222,0,PVS 1,pothole_PVS1_frame_001594_0,refused,('0x62b244c0000000000000000000000000000000000000000000000000000000000000000000000000000000000000000000000000000000000000,,6g5dkwg7,,0,0,0,0,0,0
223,0,PVS 1,pothole_PVS1_frame_001597_0,refused,('0x62b244c0000000000000000000000000000000000000000000000000000000000000000000000000000000000000000000000000000000000000,,6g5dkwg7,,0,0,0,0,0,0
224,0,PVS 1,pothole_PVS1_frame_001598_0,refused,('0x62b244c0000000000000000000000000000000000000000000000000000000000000000000000000000000000000000000000000000000000000,,6g5dkwg7,,0,0,0,0,0,0
225,0,PVS 1,pothole_PVS1_frame_001600_0,refused,('0x62b244c0000000000000000000000000000000000000000000000000000000000000000000000000000000000000000000000000000000000000,,6g5dkwg7,,0,0,0,0,0,0
226,0,PVS 1,pothole_PVS1_frame_001604_0,refused,('0x62b244c0000000000000000000000000000000000000000000000000000000000000000000000000000000000000000000000000000000000000,,6g5dkwg6,,0,0,0,0,0,0
227,0,PVS 1,pothole_PVS1_frame_001607_0,refused,('0x62b244c0000000000000000000000000000000000000000000000000000000000000000000000000000000000000000000000000000000000000,,6g5dkwg6,,0,0,0,0,0,0
228,0,PVS 1,pothole_PVS1_frame_001641_0,refused,('0x62b244c0000000000000000000000000000000000000000000000000000000000000000000000000000000000000000000000000000000000000,,6g5dkwg0,,0,0,0,0,0,0
229,0,PVS 1,pothole_PVS1_frame_001656_0,refused,('0x62b244c0000000000000000000000000000000000000000000000000000000000000000000000000000000000000000000000000000000000000,,6g5dkwg0,,0,0,0,0,0,0
230,0,PVS 1,pothole_PVS1_frame_001666_0,refused,('0x62b244c0000000000000000000000000000000000000000000000000000000000000000000000000000000000000000000000000000000000000,,6g5dkwg0,,0,0,0,0,0,0
231,0,PVS 1,pothole_PVS1_frame_001667_0,refused,('0x62b244c0000000000000000000000000000000000000000000000000000000000000000000000000000000000000000000000000000000000000,,6g5dkwg0,,0,0,0,0,0,0
232,0,PVS 1,pothole_PVS1_frame_001669_0,refused,('0x62b244c0000000000000000000000000000000000000000000000000000000000000000000000000000000000000000000000000000000000000,,6g5dkwg0,,0,0,0,0,0,0
233,0,PVS 1,pothole_PVS1_frame_001670_0,refused,('0x62b244c0000000000000000000000000000000000000000000000000000000000000000000000000000000000000000000000000000000000000,,6g5dkwg0,,0,0,0,0,0,0
234,0,PVS 1,pothole_PVS1_frame_001676_0,refused,('0x62b244c0000000000000000000000000000000000000000000000000000000000000000000000000000000000000000000000000000000000000,,6g5dkwfb,,0,0,0,0,0,0
235,0,PVS 1,pothole_PVS1_frame_001680_0,refused,('0x62b244c0000000000000000000000000000000000000000000000000000000000000000000000000000000000000000000000000000000000000,,6g5dkwfb,,0,0,0,0,0,0
236,0,PVS 1,pothole_PVS1_frame_001681_0,refused,('0x62b244c0000000000000000000000000000000000000000000000000000000000000000000000000000000000000000000000000000000000000,,6g5dkwfb,,0,0,0,0,0,0
237,0,PVS 1,pothole_PVS1_frame_001689_0,refused,('0x62b244c0000000000000000000000000000000000000000000000000000000000000000000000000000000000000000000000000000000000000,,6g5dkwfc,,0,0,0,0,0,0
238,0,PVS 1,pothole_PVS1_frame_001695_0,refused,('0x62b244c0000000000000000000000000000000000000000000000000000000000000000000000000000000000000000000000000000000000000,,6g5dkwf9,,0,0,0,0,0,0
239,0,PVS 1,pothole_PVS1_frame_001699_0,refused,('0x62b244c0000000000000000000000000000000000000000000000000000000000000000000000000000000000000000000000000000000000000,,6g5dkwf9,,0,0,0,0,0,0
240,0,PVS 1,pothole_PVS1_frame_001709_0,refused,('0x62b244c0000000000000000000000000000000000000000000000000000000000000000000000000000000000000000000000000000000000000,,6g5dkwf9,,0,0,0,0,0,0
241,0,PVS 1,pothole_PVS1_frame_001710_0,refused,('0x62b244c0000000000000000000000000000000000000000000000000000000000000000000000000000000000000000000000000000000000000,,6g5dkwf9,,0,0,0,0,0,0
242,0,PVS 1,pothole_PVS1_frame_001715_0,refused,('0x62b244c0000000000000000000000000000000000000000000000000000000000000000000000000000000000000000000000000000000000000,,6g5dkwf6,,0,0,0,0,0,0
243,0,PVS 1,pothole_PVS1_frame_001719_0,refused,('0x62b244c0000000000000000000000000000000000000000000000000000000000000000000000000000000000000000000000000000000000000,,6g5dkwf6,,0,0,0,0,0,0
244,0,PVS 1,pothole_PVS1_frame_001720_0,refused,('0x62b244c0000000000000000000000000000000000000000000000000000000000000000000000000000000000000000000000000000000000000,,6g5dkwf6,,0,0,0,0,0,0
245,0,PVS 1,pothole_PVS1_frame_001721_0,refused,('0x62b244c0000000000000000000000000000000000000000000000000000000000000000000000000000000000000000000000000000000000000,,6g5dkwf6,,0,0,0,0,0,0
246,0,PVS 1,pothole_PVS1_frame_001722_0,refused,('0x62b244c0000000000000000000000000000000000000000000000000000000000000000000000000000000000000000000000000000000000000,,6g5dkwf6,,0,0,0,0,0,0
247,0,PVS 1,pothole_PVS1_frame_001736_0,refused,('0x62b244c0000000000000000000000000000000000000000000000000000000000000000000000000000000000000000000000000000000000000,,6g5dkwf6,,0,0,0,0,0,0
248,0,PVS 1,pothole_PVS1_frame_001748_0,refused,('0x62b244c0000000000000000000000000000000000000000000000000000000000000000000000000000000000000000000000000000000000000,,6g5dkwf4,,0,0,0,0,0,0
249,0,PVS 1,pothole_PVS1_frame_001753_0,refused,('0x62b244c0000000000000000000000000000000000000000000000000000000000000000000000000000000000000000000000000000000000000,,6g5dkwf5,,0,0,0,0,0,0
250,0,PVS 1,pothole_PVS1_frame_001764_0,refused,('0x62b244c0000000000000000000000000000000000000000000000000000000000000000000000000000000000000000000000000000000000000,,6g5dkwcg,,0,0,0,0,0,0
251,0,PVS 1,pothole_PVS1_frame_001765_0,refused,('0x62b244c0000000000000000000000000000000000000000000000000000000000000000000000000000000000000000000000000000000000000,,6g5dkwcg,,0,0,0,0,0,0
252,0,PVS 1,pothole_PVS1_frame_001767_0,refused,('0x62b244c0000000000000000000000000000000000000000000000000000000000000000000000000000000000000000000000000000000000000,,6g5dkwcg,,0,0,0,0,0,0
253,0,PVS 1,pothole_PVS1_frame_001769_0,refused,('0x62b244c0000000000000000000000000000000000000000000000000000000000000000000000000000000000000000000000000000000000000,,6g5dkwcg,,0,0,0,0,0,0
254,0,PVS 1,pothole_PVS1_frame_001770_0,refused,('0x62b244c0000000000000000000000000000000000000000000000000000000000000000000000000000000000000000000000000000000000000,,6g5dkwcg,,0,0,0,0,0,0
255,0,PVS 1,pothole_PVS1_frame_001770_1,refused,('0x62b244c0000000000000000000000000000000000000000000000000000000000000000000000000000000000000000000000000000000000000,,6g5dkwcg,,0,0,0,0,0,0
256,0,PVS 1,pothole_PVS1_frame_001772_0,refused,('0x62b244c0000000000000000000000000000000000000000000000000000000000000000000000000000000000000000000000000000000000000,,6g5dkwcg,,0,0,0,0,0,0
257,0,PVS 1,pothole_PVS1_frame_001773_0,refused,('0x62b244c0000000000000000000000000000000000000000000000000000000000000000000000000000000000000000000000000000000000000,,6g5dkwcg,,0,0,0,0,0,0
258,0,PVS 1,pothole_PVS1_frame_001775_0,refused,('0x62b244c0000000000000000000000000000000000000000000000000000000000000000000000000000000000000000000000000000000000000,,6g5dkwce,,0,0,0,0,0,0
259,0,PVS 1,pothole_PVS1_frame_001778_0,refused,('0x62b244c0000000000000000000000000000000000000000000000000000000000000000000000000000000000000000000000000000000000000,,6g5dkwce,,0,0,0,0,0,0
260,0,PVS 1,pothole_PVS1_frame_001782_0,refused,('0x62b244c0000000000000000000000000000000000000000000000000000000000000000000000000000000000000000000000000000000000000,,6g5dkwce,,0,0,0,0,0,0
261,0,PVS 1,pothole_PVS1_frame_001787_0,refused,('0x62b244c0000000000000000000000000000000000000000000000000000000000000000000000000000000000000000000000000000000000000,,6g5dkwcs,,0,0,0,0,0,0
262,0,PVS 1,pothole_PVS1_frame_001791_0,refused,('0x62b244c0000000000000000000000000000000000000000000000000000000000000000000000000000000000000000000000000000000000000,,6g5dkwcs,,0,0,0,0,0,0
263,0,PVS 1,pothole_PVS1_frame_001794_0,refused,('0x62b244c0000000000000000000000000000000000000000000000000000000000000000000000000000000000000000000000000000000000000,,6g5dkwcs,,0,0,0,0,0,0
264,0,PVS 1,pothole_PVS1_frame_001796_0,refused,('0x62b244c0000000000000000000000000000000000000000000000000000000000000000000000000000000000000000000000000000000000000,,6g5dkwcs,,0,0,0,0,0,0
265,0,PVS 1,pothole_PVS1_frame_001797_0,refused,('0x62b244c0000000000000000000000000000000000000000000000000000000000000000000000000000000000000000000000000000000000000,,6g5dkwcs,,0,0,0,0,0,0
266,0,PVS 1,pothole_PVS1_frame_001798_0,refused,('0x62b244c0000000000000000000000000000000000000000000000000000000000000000000000000000000000000000000000000000000000000,,6g5dkwcs,,0,0,0,0,0,0
267,0,PVS 1,pothole_PVS1_frame_001799_0,refused,('0x62b244c0000000000000000000000000000000000000000000000000000000000000000000000000000000000000000000000000000000000000,,6g5dkwcs,,0,0,0,0,0,0
268,0,PVS 1,pothole_PVS1_frame_001800_0,refused,('0x62b244c0000000000000000000000000000000000000000000000000000000000000000000000000000000000000000000000000000000000000,,6g5dkwcs,,0,0,0,0,0,0
269,0,PVS 1,pothole_PVS1_frame_001801_0,refused,('0x62b244c0000000000000000000000000000000000000000000000000000000000000000000000000000000000000000000000000000000000000,,6g5dkwcs,,0,0,0,0,0,0
270,0,PVS 1,pothole_PVS1_frame_001806_0,refused,('0x62b244c0000000000000000000000000000000000000000000000000000000000000000000000000000000000000000000000000000000000000,,6g5dkwck,,0,0,0,0,0,0
271,0,PVS 1,pothole_PVS1_frame_001813_0,refused,('0x62b244c0000000000000000000000000000000000000000000000000000000000000000000000000000000000000000000000000000000000000,,6g5dkwck,,0,0,0,0,0,0
272,0,PVS 1,pothole_PVS1_frame_001815_0,refused,('0x62b244c0000000000000000000000000000000000000000000000000000000000000000000000000000000000000000000000000000000000000,,6g5dkwck,,0,0,0,0,0,0
273,0,PVS 1,pothole_PVS1_frame_001816_0,refused,('0x62b244c0000000000000000000000000000000000000000000000000000000000000000000000000000000000000000000000000000000000000,,6g5dkwck,,0,0,0,0,0,0
274,0,PVS 1,pothole_PVS1_frame_001819_0,refused,('0x62b244c0000000000000000000000000000000000000000000000000000000000000000000000000000000000000000000000000000000000000,,6g5dkwck,,0,0,0,0,0,0
275,0,PVS 1,pothole_PVS1_frame_001821_0,refused,('0x62b244c0000000000000000000000000000000000000000000000000000000000000000000000000000000000000000000000000000000000000,,6g5dkwck,,0,0,0,0,0,0
276,0,PVS 1,pothole_PVS1_frame_001825_0,refused,('0x62b244c0000000000000000000000000000000000000000000000000000000000000000000000000000000000000000000000000000000000000,,6g5dkwck,,0,0,0,0,0,0
277,0,PVS 1,pothole_PVS1_frame_001826_0,refused,('0x62b244c0000000000000000000000000000000000000000000000000000000000000000000000000000000000000000000000000000000000000,,6g5dkwck,,0,0,0,0,0,0
278,0,PVS 1,pothole_PVS1_frame_001828_0,refused,('0x62b244c0000000000000000000000000000000000000000000000000000000000000000000000000000000000000000000000000000000000000,,6g5dkwck,,0,0,0,0,0,0
279,0,PVS 1,pothole_PVS1_frame_001830_0,refused,('0x62b244c0000000000000000000000000000000000000000000000000000000000000000000000000000000000000000000000000000000000000,,6g5dkwck,,0,0,0,0,0,0
280,0,PVS 1,pothole_PVS1_frame_001831_0,refused,('0x62b244c0000000000000000000000000000000000000000000000000000000000000000000000000000000000000000000000000000000000000,,6g5dkwck,,0,0,0,0,0,0
281,0,PVS 1,pothole_PVS1_frame_001832_0,refused,('0x62b244c0000000000000000000000000000000000000000000000000000000000000000000000000000000000000000000000000000000000000,,6g5dkwcm,,0,0,0,0,0,0
282,0,PVS 1,pothole_PVS1_frame_001834_0,refused,('0x62b244c0000000000000000000000000000000000000000000000000000000000000000000000000000000000000000000000000000000000000,,6g5dkwcm,,0,0,0,0,0,0
283,0,PVS 1,pothole_PVS1_frame_001835_0,refused,('0x62b244c0000000000000000000000000000000000000000000000000000000000000000000000000000000000000000000000000000000000000,,6g5dkwcm,,0,0,0,0,0,0
284,0,PVS 1,pothole_PVS1_frame_001837_0,refused,('0x62b244c0000000000000000000000000000000000000000000000000000000000000000000000000000000000000000000000000000000000000,,6g5dkwcm,,0,0,0,0,0,0
285,0,PVS 1,pothole_PVS1_frame_001841_0,refused,('0x62b244c0000000000000000000000000000000000000000000000000000000000000000000000000000000000000000000000000000000000000,,6g5dkwcm,,0,0,0,0,0,0
286,0,PVS 1,pothole_PVS1_frame_001842_0,refused,('0x62b244c0000000000000000000000000000000000000000000000000000000000000000000000000000000000000000000000000000000000000,,6g5dkwcm,,0,0,0,0,0,0
287,0,PVS 1,pothole_PVS1_frame_001843_0,refused,('0x62b244c0000000000000000000000000000000000000000000000000000000000000000000000000000000000000000000000000000000000000,,6g5dkwcm,,0,0,0,0,0,0
288,0,PVS 1,pothole_PVS1_frame_001848_0,refused,('0x62b244c0000000000000000000000000000000000000000000000000000000000000000000000000000000000000000000000000000000000000,,6g5dkwcm,,0,0,0,0,0,0
289,0,PVS 1,pothole_PVS1_frame_001849_0,refused,('0x62b244c0000000000000000000000000000000000000000000000000000000000000000000000000000000000000000000000000000000000000,,6g5dkwcm,,0,0,0,0,0,0
290,0,PVS 1,pothole_PVS1_frame_001850_0,refused,('0x62b244c0000000000000000000000000000000000000000000000000000000000000000000000000000000000000000000000000000000000000,,6g5dkwcq,,0,0,0,0,0,0
291,0,PVS 1,pothole_PVS1_frame_001851_0,refused,('0x62b244c0000000000000000000000000000000000000000000000000000000000000000000000000000000000000000000000000000000000000,,6g5dkwcq,,0,0,0,0,0,0
292,0,PVS 1,pothole_PVS1_frame_001859_0,refused,('0x62b244c0000000000000000000000000000000000000000000000000000000000000000000000000000000000000000000000000000000000000,,6g5dkwcq,,0,0,0,0,0,0
293,0,PVS 1,pothole_PVS1_frame_001860_0,refused,('0x62b244c0000000000000000000000000000000000000000000000000000000000000000000000000000000000000000000000000000000000000,,6g5dkwcq,,0,0,0,0,0,0
294,0,PVS 1,pothole_PVS1_frame_001862_0,refused,('0x62b244c0000000000000000000000000000000000000000000000000000000000000000000000000000000000000000000000000000000000000,,6g5dkwcq,,0,0,0,0,0,0
295,0,PVS 1,pothole_PVS1_frame_001872_0,refused,('0x62b244c0000000000000000000000000000000000000000000000000000000000000000000000000000000000000000000000000000000000000,,6g5dkwcr,,0,0,0,0,0,0
296,0,PVS 1,pothole_PVS1_frame_001873_0,refused,('0x62b244c0000000000000000000000000000000000000000000000000000000000000000000000000000000000000000000000000000000000000,,6g5dkwcr,,0,0,0,0,0,0
297,0,PVS 1,pothole_PVS1_frame_001876_0,refused,('0x62b244c0000000000000000000000000000000000000000000000000000000000000000000000000000000000000000000000000000000000000,,6g5dkwcr,,0,0,0,0,0,0
298,0,PVS 1,pothole_PVS1_frame_001907_0,refused,('0x62b244c0000000000000000000000000000000000000000000000000000000000000000000000000000000000000000000000000000000000000,,6g5dkx14,,0,0,0,0,0,0
299,0,PVS 1,pothole_PVS1_frame_001908_0,refused,('0x62b244c0000000000000000000000000000000000000000000000000000000000000000000000000000000000000000000000000000000000000,,6g5dkx14,,0,0,0,0,0,0
300,0,PVS 1,pothole_PVS1_frame_001909_0,refused,('0x62b244c0000000000000000000000000000000000000000000000000000000000000000000000000000000000000000000000000000000000000,,6g5dkx14,,0,0,0,0,0,0
301,0,PVS 1,pothole_PVS1_frame_001912_0,refused,('0x62b244c0000000000000000000000000000000000000000000000000000000000000000000000000000000000000000000000000000000000000,,6g5dkx14,,0,0,0,0,0,0
302,0,PVS 1,pothole_PVS1_frame_001920_0,refused,('0x62b244c0000000000000000000000000000000000000000000000000000000000000000000000000000000000000000000000000000000000000,,6g5dkx15,,0,0,0,0,0,0
303,0,PVS 1,pothole_PVS1_frame_001921_0,refused,('0x62b244c0000000000000000000000000000000000000000000000000000000000000000000000000000000000000000000000000000000000000,,6g5dkx15,,0,0,0,0,0,0
304,0,PVS 1,pothole_PVS1_frame_001922_0,refused,('0x62b244c0000000000000000000000000000000000000000000000000000000000000000000000000000000000000000000000000000000000000,,6g5dkx15,,0,0,0,0,0,0
305,0,PVS 1,pothole_PVS1_frame_001932_0,refused,('0x62b244c0000000000000000000000000000000000000000000000000000000000000000000000000000000000000000000000000000000000000,,6g5dkx15,,0,0,0,0,0,0
306,0,PVS 1,pothole_PVS1_frame_001942_0,refused,('0x62b244c0000000000000000000000000000000000000000000000000000000000000000000000000000000000000000000000000000000000000,,6g5dkx1h,,0,0,0,0,0,0
307,0,PVS 1,pothole_PVS1_frame_001943_0,refused,('0x62b244c0000000000000000000000000000000000000000000000000000000000000000000000000000000000000000000000000000000000000,,6g5dkx1h,,0,0,0,0,0,0
308,0,PVS 1,pothole_PVS1_frame_001949_0,refused,('0x62b244c0000000000000000000000000000000000000000000000000000000000000000000000000000000000000000000000000000000000000,,6g5dkx1h,,0,0,0,0,0,0
309,0,PVS 1,pothole_PVS1_frame_001950_0,refused,('0x62b244c0000000000000000000000000000000000000000000000000000000000000000000000000000000000000000000000000000000000000,,6g5dkx1h,,0,0,0,0,0,0
310,0,PVS 1,pothole_PVS1_frame_001956_0,refused,('0x62b244c0000000000000000000000000000000000000000000000000000000000000000000000000000000000000000000000000000000000000,,6g5dkx0v,,0,0,0,0,0,0
311,0,PVS 1,pothole_PVS1_frame_001958_0,refused,('0x62b244c0000000000000000000000000000000000000000000000000000000000000000000000000000000000000000000000000000000000000,,6g5dkx0v,,0,0,0,0,0,0
312,0,PVS 1,pothole_PVS1_frame_001959_0,refused,('0x62b244c0000000000000000000000000000000000000000000000000000000000000000000000000000000000000000000000000000000000000,,6g5dkx0v,,0,0,0,0,0,0
313,0,PVS 1,pothole_PVS1_frame_001964_0,refused,('0x62b244c0000000000000000000000000000000000000000000000000000000000000000000000000000000000000000000000000000000000000,,6g5dkx0y,,0,0,0,0,0,0
314,0,PVS 1,pothole_PVS1_frame_001965_0,refused,('0x62b244c0000000000000000000000000000000000000000000000000000000000000000000000000000000000000000000000000000000000000,,6g5dkx0y,,0,0,0,0,0,0
315,0,PVS 1,pothole_PVS1_frame_001967_0,refused,('0x62b244c0000000000000000000000000000000000000000000000000000000000000000000000000000000000000000000000000000000000000,,6g5dkx0y,,0,0,0,0,0,0
316,0,PVS 1,pothole_PVS1_frame_001968_0,refused,('0x62b244c0000000000000000000000000000000000000000000000000000000000000000000000000000000000000000000000000000000000000,,6g5dkx0y,,0,0,0,0,0,0
317,0,PVS 1,pothole_PVS1_frame_001969_0,refused,('0x62b244c0000000000000000000000000000000000000000000000000000000000000000000000000000000000000000000000000000000000000,,6g5dkx0y,,0,0,0,0,0,0
318,0,PVS 1,pothole_PVS1_frame_001971_0,refused,('0x62b244c0000000000000000000000000000000000000000000000000000000000000000000000000000000000000000000000000000000000000,,6g5dkx0y,,0,0,0,0,0,0
319,0,PVS 1,pothole_PVS1_frame_001972_0,refused,('0x62b244c0000000000000000000000000000000000000000000000000000000000000000000000000000000000000000000000000000000000000,,6g5dkx0y,,0,0,0,0,0,0
320,0,PVS 1,pothole_PVS1_frame_001974_0,refused,('0x62b244c0000000000000000000000000000000000000000000000000000000000000000000000000000000000000000000000000000000000000,,6g5dkx0y,,0,0,0,0,0,0
321,0,PVS 1,pothole_PVS1_frame_001975_0,refused,('0x62b244c0000000000000000000000000000000000000000000000000000000000000000000000000000000000000000000000000000000000000,,6g5dkx0z,,0,0,0,0,0,0
322,0,PVS 1,pothole_PVS1_frame_001976_0,refused,('0x62b244c0000000000000000000000000000000000000000000000000000000000000000000000000000000000000000000000000000000000000,,6g5dkx0z,,0,0,0,0,0,0
323,0,PVS 1,pothole_PVS1_frame_001978_0,refused,('0x62b244c0000000000000000000000000000000000000000000000000000000000000000000000000000000000000000000000000000000000000,,6g5dkx0z,,0,0,0,0,0,0
324,0,PVS 1,pothole_PVS1_frame_001981_0,refused,('0x62b244c0000000000000000000000000000000000000000000000000000000000000000000000000000000000000000000000000000000000000,,6g5dkx0z,,0,0,0,0,0,0
325,0,PVS 1,pothole_PVS1_frame_001983_0,refused,('0x62b244c0000000000000000000000000000000000000000000000000000000000000000000000000000000000000000000000000000000000000,,6g5dkx0z,,0,0,0,0,0,0
326,0,PVS 1,pothole_PVS1_frame_001984_0,refused,('0x62b244c0000000000000000000000000000000000000000000000000000000000000000000000000000000000000000000000000000000000000,,6g5dkx0z,,0,0,0,0,0,0
327,0,PVS 1,pothole_PVS1_frame_001985_0,refused,('0x62b244c0000000000000000000000000000000000000000000000000000000000000000000000000000000000000000000000000000000000000,,6g5dkx0z,,0,0,0,0,0,0
328,0,PVS 1,pothole_PVS1_frame_001986_0,refused,('0x62b244c0000000000000000000000000000000000000000000000000000000000000000000000000000000000000000000000000000000000000,,6g5dkx2b,,0,0,0,0,0,0
329,0,PVS 1,pothole_PVS1_frame_001990_0,refused,('0x62b244c0000000000000000000000000000000000000000000000000000000000000000000000000000000000000000000000000000000000000,,6g5dkx2b,,0,0,0,0,0,0
330,0,PVS 1,pothole_PVS1_frame_001991_0,refused,('0x62b244c0000000000000000000000000000000000000000000000000000000000000000000000000000000000000000000000000000000000000,,6g5dkx2b,,0,0,0,0,0,0
331,0,PVS 1,pothole_PVS1_frame_001994_0,refused,('0x62b244c0000000000000000000000000000000000000000000000000000000000000000000000000000000000000000000000000000000000000,,6g5dkx2b,,0,0,0,0,0,0
332,0,PVS 1,pothole_PVS1_frame_001997_0,refused,('0x62b244c0000000000000000000000000000000000000000000000000000000000000000000000000000000000000000000000000000000000000,,6g5dkx2c,,0,0,0,0,0,0
333,0,PVS 1,pothole_PVS1_frame_001999_0,refused,('0x62b244c0000000000000000000000000000000000000000000000000000000000000000000000000000000000000000000000000000000000000,,6g5dkx2c,,0,0,0,0,0,0
334,0,PVS 1,pothole_PVS1_frame_002005_0,refused,('0x62b244c0000000000000000000000000000000000000000000000000000000000000000000000000000000000000000000000000000000000000,,6g5dkx2c,,0,0,0,0,0,0
335,0,PVS 1,pothole_PVS1_frame_002006_0,refused,('0x62b244c0000000000000000000000000000000000000000000000000000000000000000000000000000000000000000000000000000000000000,,6g5dkx2c,,0,0,0,0,0,0
336,0,PVS 1,pothole_PVS1_frame_002017_0,refused,('0x62b244c0000000000000000000000000000000000000000000000000000000000000000000000000000000000000000000000000000000000000,,6g5dkx2d,,0,0,0,0,0,0
337,0,PVS 1,pothole_PVS1_frame_002018_0,refused,('0x62b244c0000000000000000000000000000000000000000000000000000000000000000000000000000000000000000000000000000000000000,,6g5dkx2d,,0,0,0,0,0,0
338,0,PVS 1,pothole_PVS1_frame_002023_0,refused,('0x62b244c0000000000000000000000000000000000000000000000000000000000000000000000000000000000000000000000000000000000000,,6g5dkx2d,,0,0,0,0,0,0
339,0,PVS 1,pothole_PVS1_frame_002024_0,refused,('0x62b244c0000000000000000000000000000000000000000000000000000000000000000000000000000000000000000000000000000000000000,,6g5dkx2d,,0,0,0,0,0,0
340,0,PVS 1,pothole_PVS1_frame_002025_0,refused,('0x62b244c0000000000000000000000000000000000000000000000000000000000000000000000000000000000000000000000000000000000000,,6g5dkx2d,,0,0,0,0,0,0
341,0,PVS 1,pothole_PVS1_frame_002028_0,refused,('0x62b244c0000000000000000000000000000000000000000000000000000000000000000000000000000000000000000000000000000000000000,,6g5dkx2d,,0,0,0,0,0,0
342,0,PVS 1,pothole_PVS1_frame_002031_0,refused,('0x62b244c0000000000000000000000000000000000000000000000000000000000000000000000000000000000000000000000000000000000000,,6g5dkx2e,,0,0,0,0,0,0
343,0,PVS 1,pothole_PVS1_frame_002032_0,refused,('0x62b244c0000000000000000000000000000000000000000000000000000000000000000000000000000000000000000000000000000000000000,,6g5dkx2e,,0,0,0,0,0,0
344,0,PVS 1,pothole_PVS1_frame_002034_0,refused,('0x62b244c0000000000000000000000000000000000000000000000000000000000000000000000000000000000000000000000000000000000000,,6g5dkx2e,,0,0,0,0,0,0
345,0,PVS 1,pothole_PVS1_frame_002035_0,refused,('0x62b244c0000000000000000000000000000000000000000000000000000000000000000000000000000000000000000000000000000000000000,,6g5dkx2e,,0,0,0,0,0,0
346,0,PVS 1,pothole_PVS1_frame_002038_0,refused,('0x62b244c0000000000000000000000000000000000000000000000000000000000000000000000000000000000000000000000000000000000000,,6g5dkx2e,,0,0,0,0,0,0
347,0,PVS 1,pothole_PVS1_frame_002039_0,refused,('0x62b244c0000000000000000000000000000000000000000000000000000000000000000000000000000000000000000000000000000000000000,,6g5dkx2e,,0,0,0,0,0,0
348,0,PVS 1,pothole_PVS1_frame_002040_0,refused,('0x62b244c0000000000000000000000000000000000000000000000000000000000000000000000000000000000000000000000000000000000000,,6g5dkx2e,,0,0,0,0,0,0
349,0,PVS 1,pothole_PVS1_frame_002041_0,refused,('0x62b244c0000000000000000000000000000000000000000000000000000000000000000000000000000000000000000000000000000000000000,,6g5dkx2e,,0,0,0,0,0,0
350,0,PVS 1,pothole_PVS1_frame_002042_0,refused,('0x62b244c0000000000000000000000000000000000000000000000000000000000000000000000000000000000000000000000000000000000000,,6g5dkx2e,,0,0,0,0,0,0
351,0,PVS 1,pothole_PVS1_frame_002043_0,refused,('0x62b244c0000000000000000000000000000000000000000000000000000000000000000000000000000000000000000000000000000000000000,,6g5dkx2e,,0,0,0,0,0,0
352,0,PVS 1,pothole_PVS1_frame_002044_0,refused,('0x62b244c0000000000000000000000000000000000000000000000000000000000000000000000000000000000000000000000000000000000000,,6g5dkx2e,,0,0,0,0,0,0
353,0,PVS 1,pothole_PVS1_frame_002045_0,refused,('0x62b244c0000000000000000000000000000000000000000000000000000000000000000000000000000000000000000000000000000000000000,,6g5dkx2e,,0,0,0,0,0,0
354,0,PVS 1,pothole_PVS1_frame_002047_0,refused,('0x62b244c0000000000000000000000000000000000000000000000000000000000000000000000000000000000000000000000000000000000000,,6g5dkx2e,,0,0,0,0,0,0
355,0,PVS 1,pothole_PVS1_frame_002050_0,refused,('0x62b244c0000000000000000000000000000000000000000000000000000000000000000000000000000000000000000000000000000000000000,,6g5dkx2e,,0,0,0,0,0,0
356,0,PVS 1,pothole_PVS1_frame_002058_0,refused,('0x62b244c0000000000000000000000000000000000000000000000000000000000000000000000000000000000000000000000000000000000000,,6g5dkx2s,,0,0,0,0,0,0
357,0,PVS 1,pothole_PVS1_frame_002060_0,refused,('0x62b244c0000000000000000000000000000000000000000000000000000000000000000000000000000000000000000000000000000000000000,,6g5dkx2s,,0,0,0,0,0,0
358,0,PVS 1,pothole_PVS1_frame_002066_0,refused,('0x62b244c0000000000000000000000000000000000000000000000000000000000000000000000000000000000000000000000000000000000000,,6g5dkx2t,,0,0,0,0,0,0
359,0,PVS 1,pothole_PVS1_frame_002067_0,refused,('0x62b244c0000000000000000000000000000000000000000000000000000000000000000000000000000000000000000000000000000000000000,,6g5dkx2t,,0,0,0,0,0,0
360,0,PVS 1,pothole_PVS1_frame_002075_0,refused,('0x62b244c0000000000000000000000000000000000000000000000000000000000000000000000000000000000000000000000000000000000000,,6g5dkx2t,,0,0,0,0,0,0
361,0,PVS 1,pothole_PVS1_frame_002076_0,refused,('0x62b244c0000000000000000000000000000000000000000000000000000000000000000000000000000000000000000000000000000000000000,,6g5dkx2w,,0,0,0,0,0,0
362,0,PVS 1,pothole_PVS1_frame_002077_0,refused,('0x62b244c0000000000000000000000000000000000000000000000000000000000000000000000000000000000000000000000000000000000000,,6g5dkx2w,,0,0,0,0,0,0
363,0,PVS 1,pothole_PVS1_frame_002081_0,refused,('0x62b244c0000000000000000000000000000000000000000000000000000000000000000000000000000000000000000000000000000000000000,,6g5dkx2w,,0,0,0,0,0,0
364,0,PVS 1,pothole_PVS1_frame_002082_0,refused,('0x62b244c0000000000000000000000000000000000000000000000000000000000000000000000000000000000000000000000000000000000000,,6g5dkx2w,,0,0,0,0,0,0
365,0,PVS 1,pothole_PVS1_frame_002094_0,refused,('0x62b244c0000000000000000000000000000000000000000000000000000000000000000000000000000000000000000000000000000000000000,,6g5dkx2r,,0,0,0,0,0,0
366,0,PVS 1,pothole_PVS1_frame_002096_0,refused,('0x62b244c0000000000000000000000000000000000000000000000000000000000000000000000000000000000000000000000000000000000000,,6g5dkx2r,,0,0,0,0,0,0
367,0,PVS 1,pothole_PVS1_frame_002099_0,refused,('0x62b244c0000000000000000000000000000000000000000000000000000000000000000000000000000000000000000000000000000000000000,,6g5dkx2r,,0,0,0,0,0,0
368,0,PVS 1,pothole_PVS1_frame_002100_0,refused,('0x62b244c0000000000000000000000000000000000000000000000000000000000000000000000000000000000000000000000000000000000000,,6g5dkx2r,,0,0,0,0,0,0
369,0,PVS 1,pothole_PVS1_frame_002101_0,refused,('0x62b244c0000000000000000000000000000000000000000000000000000000000000000000000000000000000000000000000000000000000000,,6g5dkx2r,,0,0,0,0,0,0
370,0,PVS 1,pothole_PVS1_frame_002102_0,refused,('0x62b244c0000000000000000000000000000000000000000000000000000000000000000000000000000000000000000000000000000000000000,,6g5dkx82,,0,0,0,0,0,0
371,0,PVS 1,pothole_PVS1_frame_002107_0,refused,('0x62b244c0000000000000000000000000000000000000000000000000000000000000000000000000000000000000000000000000000000000000,,6g5dkx82,,0,0,0,0,0,0
372,0,PVS 1,pothole_PVS1_frame_002108_0,refused,('0x62b244c0000000000000000000000000000000000000000000000000000000000000000000000000000000000000000000000000000000000000,,6g5dkx82,,0,0,0,0,0,0
373,0,PVS 1,pothole_PVS1_frame_002109_0,refused,('0x62b244c0000000000000000000000000000000000000000000000000000000000000000000000000000000000000000000000000000000000000,,6g5dkx82,,0,0,0,0,0,0
374,0,PVS 1,pothole_PVS1_frame_002110_0,refused,('0x62b244c0000000000000000000000000000000000000000000000000000000000000000000000000000000000000000000000000000000000000,,6g5dkx82,,0,0,0,0,0,0
375,0,PVS 1,pothole_PVS1_frame_002117_0,refused,('0x62b244c0000000000000000000000000000000000000000000000000000000000000000000000000000000000000000000000000000000000000,,6g5dkx82,,0,0,0,0,0,0
376,0,PVS 1,pothole_PVS1_frame_002119_0,refused,('0x62b244c0000000000000000000000000000000000000000000000000000000000000000000000000000000000000000000000000000000000000,,6g5dkx83,,0,0,0,0,0,0
377,0,PVS 1,pothole_PVS1_frame_002120_0,refused,('0x62b244c0000000000000000000000000000000000000000000000000000000000000000000000000000000000000000000000000000000000000,,6g5dkx83,,0,0,0,0,0,0
378,0,PVS 1,pothole_PVS1_frame_002121_0,refused,('0x62b244c0000000000000000000000000000000000000000000000000000000000000000000000000000000000000000000000000000000000000,,6g5dkx83,,0,0,0,0,0,0
379,0,PVS 1,pothole_PVS1_frame_002123_0,refused,('0x62b244c0000000000000000000000000000000000000000000000000000000000000000000000000000000000000000000000000000000000000,,6g5dkx83,,0,0,0,0,0,0
380,0,PVS 1,pothole_PVS1_frame_002125_0,refused,('0x62b244c0000000000000000000000000000000000000000000000000000000000000000000000000000000000000000000000000000000000000,,6g5dkx83,,0,0,0,0,0,0
381,0,PVS 1,pothole_PVS1_frame_002132_0,refused,('0x62b244c0000000000000000000000000000000000000000000000000000000000000000000000000000000000000000000000000000000000000,,6g5dkx86,,0,0,0,0,0,0
382,0,PVS 1,pothole_PVS1_frame_002134_0,refused,('0x62b244c0000000000000000000000000000000000000000000000000000000000000000000000000000000000000000000000000000000000000,,6g5dkx86,,0,0,0,0,0,0
383,0,PVS 1,pothole_PVS1_frame_002140_0,refused,('0x62b244c0000000000000000000000000000000000000000000000000000000000000000000000000000000000000000000000000000000000000,,6g5dkx87,,0,0,0,0,0,0
384,0,PVS 1,pothole_PVS1_frame_002149_0,refused,('0x62b244c0000000000000000000000000000000000000000000000000000000000000000000000000000000000000000000000000000000000000,,6g5dkx8h,,0,0,0,0,0,0
385,0,PVS 1,pothole_PVS1_frame_002169_0,refused,('0x62b244c0000000000000000000000000000000000000000000000000000000000000000000000000000000000000000000000000000000000000,,6g5dkx8j,,0,0,0,0,0,0
386,0,PVS 1,pothole_PVS1_frame_002176_0,refused,('0x62b244c0000000000000000000000000000000000000000000000000000000000000000000000000000000000000000000000000000000000000,,6g5dkx8n,,0,0,0,0,0,0
387,0,PVS 1,pothole_PVS1_frame_002208_0,refused,('0x62b244c0000000000000000000000000000000000000000000000000000000000000000000000000000000000000000000000000000000000000,,6g5dkx8p,,0,0,0,0,0,0
388,0,PVS 1,pothole_PVS1_frame_002223_0,refused,('0x62b244c0000000000000000000000000000000000000000000000000000000000000000000000000000000000000000000000000000000000000,,6g5dkrzb,,0,0,0,0,0,0
389,0,PVS 1,pothole_PVS1_frame_002224_0,refused,('0x62b244c0000000000000000000000000000000000000000000000000000000000000000000000000000000000000000000000000000000000000,,6g5dkrzb,,0,0,0,0,0,0
390,0,PVS 1,pothole_PVS1_frame_002224_1,refused,('0x62b244c0000000000000000000000000000000000000000000000000000000000000000000000000000000000000000000000000000000000000,,6g5dkrzb,,0,0,0,0,0,0
391,0,PVS 1,pothole_PVS1_frame_002236_0,refused,('0x62b244c0000000000000000000000000000000000000000000000000000000000000000000000000000000000000000000000000000000000000,,6g5dkrzc,,0,0,0,0,0,0
392,0,PVS 1,pothole_PVS1_frame_002241_0,refused,('0x62b244c0000000000000000000000000000000000000000000000000000000000000000000000000000000000000000000000000000000000000,,6g5dkrzc,,0,0,0,0,0,0
393,0,PVS 1,pothole_PVS1_frame_002255_0,refused,('0x62b244c0000000000000000000000000000000000000000000000000000000000000000000000000000000000000000000000000000000000000,,6g5dkrzf,,0,0,0,0,0,0
394,0,PVS 1,pothole_PVS1_frame_002256_0,refused,('0x62b244c0000000000000000000000000000000000000000000000000000000000000000000000000000000000000000000000000000000000000,,6g5dkrzf,,0,0,0,0,0,0
395,0,PVS 1,pothole_PVS1_frame_002256_1,refused,('0x62b244c0000000000000000000000000000000000000000000000000000000000000000000000000000000000000000000000000000000000000,,6g5dkrzf,,0,0,0,0,0,0
396,0,PVS 1,pothole_PVS1_frame_002257_0,refused,('0x62b244c0000000000000000000000000000000000000000000000000000000000000000000000000000000000000000000000000000000000000,,6g5dkrzf,,0,0,0,0,0,0
397,0,PVS 1,pothole_PVS1_frame_002257_1,refused,('0x62b244c0000000000000000000000000000000000000000000000000000000000000000000000000000000000000000000000000000000000000,,6g5dkrzf,,0,0,0,0,0,0
398,0,PVS 1,pothole_PVS1_frame_002258_0,refused,('0x62b244c0000000000000000000000000000000000000000000000000000000000000000000000000000000000000000000000000000000000000,,6g5dkrzf,,0,0,0,0,0,0
399,0,PVS 1,pothole_PVS1_frame_002258_1,refused,('0x62b244c0000000000000000000000000000000000000000000000000000000000000000000000000000000000000000000000000000000000000,,6g5dkrzf,,0,0,0,0,0,0
400,0,PVS 1,pothole_PVS1_frame_002258_2,refused,('0x62b244c0000000000000000000000000000000000000000000000000000000000000000000000000000000000000000000000000000000000000,,6g5dkrzf,,0,0,0,0,0,0
401,0,PVS 1,pothole_PVS1_frame_002259_0,refused,('0x62b244c0000000000000000000000000000000000000000000000000000000000000000000000000000000000000000000000000000000000000,,6g5dkrzf,,0,0,0,0,0,0
402,0,PVS 1,pothole_PVS1_frame_002264_0,refused,('0x62b244c0000000000000000000000000000000000000000000000000000000000000000000000000000000000000000000000000000000000000,,6g5dkrzg,,0,0,0,0,0,0
403,0,PVS 1,pothole_PVS1_frame_002267_0,refused,('0x62b244c0000000000000000000000000000000000000000000000000000000000000000000000000000000000000000000000000000000000000,,6g5dkrzg,,0,0,0,0,0,0
404,0,PVS 1,pothole_PVS1_frame_002268_0,refused,('0x62b244c0000000000000000000000000000000000000000000000000000000000000000000000000000000000000000000000000000000000000,,6g5dkrzg,,0,0,0,0,0,0
405,0,PVS 1,pothole_PVS1_frame_002270_0,refused,('0x62b244c0000000000000000000000000000000000000000000000000000000000000000000000000000000000000000000000000000000000000,,6g5dkrzg,,0,0,0,0,0,0
406,0,PVS 1,pothole_PVS1_frame_002271_0,refused,('0x62b244c0000000000000000000000000000000000000000000000000000000000000000000000000000000000000000000000000000000000000,,6g5dkrzg,,0,0,0,0,0,0
407,0,PVS 1,pothole_PVS1_frame_002271_1,refused,('0x62b244c0000000000000000000000000000000000000000000000000000000000000000000000000000000000000000000000000000000000000,,6g5dkrzg,,0,0,0,0,0,0
408,0,PVS 1,pothole_PVS1_frame_002281_0,refused,('0x62b244c0000000000000000000000000000000000000000000000000000000000000000000000000000000000000000000000000000000000000,,6g5dkrzu,,0,0,0,0,0,0
409,0,PVS 1,pothole_PVS1_frame_002289_0,refused,('0x62b244c0000000000000000000000000000000000000000000000000000000000000000000000000000000000000000000000000000000000000,,6g5dkrzu,,0,0,0,0,0,0
410,0,PVS 1,pothole_PVS1_frame_002292_0,refused,('0x62b244c0000000000000000000000000000000000000000000000000000000000000000000000000000000000000000000000000000000000000,,6g5dkrzu,,0,0,0,0,0,0
411,0,PVS 1,pothole_PVS1_frame_002292_1,refused,('0x62b244c0000000000000000000000000000000000000000000000000000000000000000000000000000000000000000000000000000000000000,,6g5dkrzu,,0,0,0,0,0,0
412,0,PVS 1,pothole_PVS1_frame_002297_0,refused,('0x62b244c0000000000000000000000000000000000000000000000000000000000000000000000000000000000000000000000000000000000000,,6g5dkrzu,,0,0,0,0,0,0
413,0,PVS 1,pothole_PVS1_frame_002298_0,refused,('0x62b244c0000000000000000000000000000000000000000000000000000000000000000000000000000000000000000000000000000000000000,,6g5dkrzv,,0,0,0,0,0,0
414,0,PVS 1,pothole_PVS1_frame_002298_1,refused,('0x62b244c0000000000000000000000000000000000000000000000000000000000000000000000000000000000000000000000000000000000000,,6g5dkrzv,,0,0,0,0,0,0
415,0,PVS 1,pothole_PVS1_frame_002299_0,refused,('0x62b244c0000000000000000000000000000000000000000000000000000000000000000000000000000000000000000000000000000000000000,,6g5dkrzv,,0,0,0,0,0,0
416,0,PVS 1,pothole_PVS1_frame_002302_0,refused,('0x62b244c0000000000000000000000000000000000000000000000000000000000000000000000000000000000000000000000000000000000000,,6g5dkrzv,,0,0,0,0,0,0
417,0,PVS 1,pothole_PVS1_frame_002302_1,refused,('0x62b244c0000000000000000000000000000000000000000000000000000000000000000000000000000000000000000000000000000000000000,,6g5dkrzv,,0,0,0,0,0,0
418,0,PVS 1,pothole_PVS1_frame_002304_0,refused,('0x62b244c0000000000000000000000000000000000000000000000000000000000000000000000000000000000000000000000000000000000000,,6g5dkrzv,,0,0,0,0,0,0
419,0,PVS 1,pothole_PVS1_frame_002306_0,refused,('0x62b244c0000000000000000000000000000000000000000000000000000000000000000000000000000000000000000000000000000000000000,,6g5dkrzv,,0,0,0,0,0,0
420,0,PVS 1,pothole_PVS1_frame_002307_0,refused,('0x62b244c0000000000000000000000000000000000000000000000000000000000000000000000000000000000000000000000000000000000000,,6g5dkrzv,,0,0,0,0,0,0
421,0,PVS 1,pothole_PVS1_frame_002308_0,refused,('0x62b244c0000000000000000000000000000000000000000000000000000000000000000000000000000000000000000000000000000000000000,,6g5dkrzv,,0,0,0,0,0,0
422,0,PVS 1,pothole_PVS1_frame_002310_0,refused,('0x62b244c0000000000000000000000000000000000000000000000000000000000000000000000000000000000000000000000000000000000000,,6g5dkrzv,,0,0,0,0,0,0
423,0,PVS 1,pothole_PVS1_frame_002315_0,refused,('0x62b244c0000000000000000000000000000000000000000000000000000000000000000000000000000000000000000000000000000000000000,,6g5dkrzv,,0,0,0,0,0,0
424,0,PVS 1,pothole_PVS1_frame_002317_0,refused,('0x62b244c0000000000000000000000000000000000000000000000000000000000000000000000000000000000000000000000000000000000000,,6g5dkrzt,,0,0,0,0,0,0
425,0,PVS 1,pothole_PVS1_frame_002322_0,refused,('0x62b244c0000000000000000000000000000000000000000000000000000000000000000000000000000000000000000000000000000000000000,,6g5dkrzw,,0,0,0,0,0,0
426,0,PVS 1,pothole_PVS1_frame_002330_0,refused,('0x62b244c0000000000000000000000000000000000000000000000000000000000000000000000000000000000000000000000000000000000000,,6g5dkrzw,,0,0,0,0,0,0
427,0,PVS 1,pothole_PVS1_frame_002335_0,refused,('0x62b244c0000000000000000000000000000000000000000000000000000000000000000000000000000000000000000000000000000000000000,,6g5dkrzw,,0,0,0,0,0,0
428,0,PVS 1,pothole_PVS1_frame_002335_1,refused,('0x62b244c0000000000000000000000000000000000000000000000000000000000000000000000000000000000000000000000000000000000000,,6g5dkrzw,,0,0,0,0,0,0
429,0,PVS 1,pothole_PVS1_frame_002339_0,refused,('0x62b244c0000000000000000000000000000000000000000000000000000000000000000000000000000000000000000000000000000000000000,,6g5dkrzw,,0,0,0,0,0,0
430,0,PVS 1,pothole_PVS1_frame_002341_0,refused,('0x62b244c0000000000000000000000000000000000000000000000000000000000000000000000000000000000000000000000000000000000000,,6g5dkrzw,,0,0,0,0,0,0
431,0,PVS 1,pothole_PVS1_frame_002344_0,refused,('0x62b244c0000000000000000000000000000000000000000000000000000000000000000000000000000000000000000000000000000000000000,,6g5dkrzw,,0,0,0,0,0,0
432,0,PVS 1,pothole_PVS1_frame_002345_0,refused,('0x62b244c0000000000000000000000000000000000000000000000000000000000000000000000000000000000000000000000000000000000000,,6g5dkrzw,,0,0,0,0,0,0
433,0,PVS 1,pothole_PVS1_frame_002345_1,refused,('0x62b244c0000000000000000000000000000000000000000000000000000000000000000000000000000000000000000000000000000000000000,,6g5dkrzw,,0,0,0,0,0,0
434,0,PVS 1,pothole_PVS1_frame_002346_0,refused,('0x62b244c0000000000000000000000000000000000000000000000000000000000000000000000000000000000000000000000000000000000000,,6g5dkrzw,,0,0,0,0,0,0
435,0,PVS 1,pothole_PVS1_frame_002347_0,refused,('0x62b244c0000000000000000000000000000000000000000000000000000000000000000000000000000000000000000000000000000000000000,,6g5dkrzw,,0,0,0,0,0,0
436,0,PVS 1,pothole_PVS1_frame_002348_0,refused,('0x62b244c0000000000000000000000000000000000000000000000000000000000000000000000000000000000000000000000000000000000000,,6g5dkrzw,,0,0,0,0,0,0
437,0,PVS 1,pothole_PVS1_frame_002352_0,refused,('0x62b244c0000000000000000000000000000000000000000000000000000000000000000000000000000000000000000000000000000000000000,,6g5dkrzw,,0,0,0,0,0,0
438,0,PVS 1,pothole_PVS1_frame_002352_1,refused,('0x62b244c0000000000000000000000000000000000000000000000000000000000000000000000000000000000000000000000000000000000000,,6g5dkrzw,,0,0,0,0,0,0
439,0,PVS 1,pothole_PVS1_frame_002355_0,refused,('0x62b244c0000000000000000000000000000000000000000000000000000000000000000000000000000000000000000000000000000000000000,,6g5dkrzw,,0,0,0,0,0,0
440,0,PVS 1,pothole_PVS1_frame_002356_0,refused,('0x62b244c0000000000000000000000000000000000000000000000000000000000000000000000000000000000000000000000000000000000000,,6g5dkrzw,,0,0,0,0,0,0
441,0,PVS 1,pothole_PVS1_frame_002357_0,refused,('0x62b244c0000000000000000000000000000000000000000000000000000000000000000000000000000000000000000000000000000000000000,,6g5dkrzw,,0,0,0,0,0,0
442,0,PVS 1,pothole_PVS1_frame_002383_0,refused,('0x62b244c0000000000000000000000000000000000000000000000000000000000000000000000000000000000000000000000000000000000000,,6g5dkrzw,,0,0,0,0,0,0
443,0,PVS 1,pothole_PVS1_frame_002384_0,refused,('0x62b244c0000000000000000000000000000000000000000000000000000000000000000000000000000000000000000000000000000000000000,,6g5dkrzw,,0,0,0,0,0,0
444,0,PVS 1,pothole_PVS1_frame_002385_0,refused,('0x62b244c0000000000000000000000000000000000000000000000000000000000000000000000000000000000000000000000000000000000000,,6g5dkrzw,,0,0,0,0,0,0
445,0,PVS 1,pothole_PVS1_frame_002389_0,refused,('0x62b244c0000000000000000000000000000000000000000000000000000000000000000000000000000000000000000000000000000000000000,,6g5dkrzw,,0,0,0,0,0,0
446,0,PVS 1,pothole_PVS1_frame_002390_0,refused,('0x62b244c0000000000000000000000000000000000000000000000000000000000000000000000000000000000000000000000000000000000000,,6g5dkrzw,,0,0,0,0,0,0
447,0,PVS 1,pothole_PVS1_frame_002391_0,refused,('0x62b244c0000000000000000000000000000000000000000000000000000000000000000000000000000000000000000000000000000000000000,,6g5dkrzw,,0,0,0,0,0,0
448,0,PVS 1,pothole_PVS1_frame_002393_0,refused,('0x62b244c0000000000000000000000000000000000000000000000000000000000000000000000000000000000000000000000000000000000000,,6g5dkrzq,,0,0,0,0,0,0
449,0,PVS 1,pothole_PVS1_frame_002394_0,refused,('0x62b244c0000000000000000000000000000000000000000000000000000000000000000000000000000000000000000000000000000000000000,,6g5dkrzq,,0,0,0,0,0,0
450,0,PVS 1,pothole_PVS1_frame_002395_0,refused,('0x62b244c0000000000000000000000000000000000000000000000000000000000000000000000000000000000000000000000000000000000000,,6g5dkrzq,,0,0,0,0,0,0
451,0,PVS 1,pothole_PVS1_frame_002397_0,refused,('0x62b244c0000000000000000000000000000000000000000000000000000000000000000000000000000000000000000000000000000000000000,,6g5dkrzq,,0,0,0,0,0,0
452,0,PVS 1,pothole_PVS1_frame_002401_0,refused,('0x62b244c0000000000000000000000000000000000000000000000000000000000000000000000000000000000000000000000000000000000000,,6g5dkrzm,,0,0,0,0,0,0
453,0,PVS 1,pothole_PVS1_frame_002402_0,refused,('0x62b244c0000000000000000000000000000000000000000000000000000000000000000000000000000000000000000000000000000000000000,,6g5dkrzm,,0,0,0,0,0,0
454,0,PVS 1,pothole_PVS1_frame_002403_0,refused,('0x62b244c0000000000000000000000000000000000000000000000000000000000000000000000000000000000000000000000000000000000000,,6g5dkrzm,,0,0,0,0,0,0
455,0,PVS 1,pothole_PVS1_frame_002405_0,refused,('0x62b244c0000000000000000000000000000000000000000000000000000000000000000000000000000000000000000000000000000000000000,,6g5dkrzm,,0,0,0,0,0,0
456,0,PVS 1,pothole_PVS1_frame_002406_0,refused,('0x62b244c0000000000000000000000000000000000000000000000000000000000000000000000000000000000000000000000000000000000000,,6g5dkrzm,,0,0,0,0,0,0
457,0,PVS 1,pothole_PVS1_frame_002407_0,refused,('0x62b244c0000000000000000000000000000000000000000000000000000000000000000000000000000000000000000000000000000000000000,,6g5dkrzm,,0,0,0,0,0,0
458,0,PVS 1,pothole_PVS1_frame_002424_0,refused,('0x62b244c0000000000000000000000000000000000000000000000000000000000000000000000000000000000000000000000000000000000000,,6g5dkrzh,,0,0,0,0,0,0
459,0,PVS 1,pothole_PVS1_frame_002425_0,refused,('0x62b244c0000000000000000000000000000000000000000000000000000000000000000000000000000000000000000000000000000000000000,,6g5dkrzh,,0,0,0,0,0,0
460,0,PVS 1,pothole_PVS1_frame_002435_0,refused,('0x62b244c0000000000000000000000000000000000000000000000000000000000000000000000000000000000000000000000000000000000000,,6g5dkrzh,,0,0,0,0,0,0
461,0,PVS 1,pothole_PVS1_frame_002442_0,refused,('0x62b244c0000000000000000000000000000000000000000000000000000000000000000000000000000000000000000000000000000000000000,,6g5dkryg,,0,0,0,0,0,0
462,0,PVS 1,pothole_PVS1_frame_002451_0,refused,('0x62b244c0000000000000000000000000000000000000000000000000000000000000000000000000000000000000000000000000000000000000,,6g5dkryg,,0,0,0,0,0,0
463,0,PVS 1,pothole_PVS1_frame_002482_0,refused,('0x62b244c0000000000000000000000000000000000000000000000000000000000000000000000000000000000000000000000000000000000000,,6g5dkry9,,0,0,0,0,0,0
464,0,PVS 1,pothole_PVS1_frame_002507_0,refused,('0x62b244c0000000000000000000000000000000000000000000000000000000000000000000000000000000000000000000000000000000000000,,6g5dkry2,,0,0,0,0,0,0
465,0,PVS 1,pothole_PVS1_frame_002532_0,refused,('0x62b244c0000000000000000000000000000000000000000000000000000000000000000000000000000000000000000000000000000000000000,,6g5dkrwr,,0,0,0,0,0,0
466,0,PVS 1,pothole_PVS1_frame_002532_1,refused,('0x62b244c0000000000000000000000000000000000000000000000000000000000000000000000000000000000000000000000000000000000000,,6g5dkrwr,,0,0,0,0,0,0
467,0,PVS 1,pothole_PVS1_frame_002545_0,refused,('0x62b244c0000000000000000000000000000000000000000000000000000000000000000000000000000000000000000000000000000000000000,,6g5dkrwq,,0,0,0,0,0,0
468,0,PVS 1,pothole_PVS1_frame_002545_1,refused,('0x62b244c0000000000000000000000000000000000000000000000000000000000000000000000000000000000000000000000000000000000000,,6g5dkrwq,,0,0,0,0,0,0
469,0,PVS 1,pothole_PVS1_frame_002550_0,refused,('0x62b244c0000000000000000000000000000000000000000000000000000000000000000000000000000000000000000000000000000000000000,,6g5dkrwt,,0,0,0,0,0,0
470,0,PVS 1,pothole_PVS1_frame_002552_0,refused,('0x62b244c0000000000000000000000000000000000000000000000000000000000000000000000000000000000000000000000000000000000000,,6g5dkrwt,,0,0,0,0,0,0
471,0,PVS 1,pothole_PVS1_frame_002553_0,refused,('0x62b244c0000000000000000000000000000000000000000000000000000000000000000000000000000000000000000000000000000000000000,,6g5dkrwt,,0,0,0,0,0,0
472,0,PVS 1,pothole_PVS1_frame_002556_0,refused,('0x62b244c0000000000000000000000000000000000000000000000000000000000000000000000000000000000000000000000000000000000000,,6g5dkrwt,,0,0,0,0,0,0
473,0,PVS 1,pothole_PVS1_frame_002558_0,refused,('0x62b244c0000000000000000000000000000000000000000000000000000000000000000000000000000000000000000000000000000000000000,,6g5dkrwt,,0,0,0,0,0,0
474,0,PVS 1,pothole_PVS1_frame_002561_0,refused,('0x62b244c0000000000000000000000000000000000000000000000000000000000000000000000000000000000000000000000000000000000000,,6g5dkrwt,,0,0,0,0,0,0
475,0,PVS 1,pothole_PVS1_frame_002566_0,refused,('0x62b244c0000000000000000000000000000000000000000000000000000000000000000000000000000000000000000000000000000000000000,,6g5dkrwt,,0,0,0,0,0,0
476,0,PVS 1,pothole_PVS1_frame_002567_0,refused,('0x62b244c0000000000000000000000000000000000000000000000000000000000000000000000000000000000000000000000000000000000000,,6g5dkrwt,,0,0,0,0,0,0
477,0,PVS 1,pothole_PVS1_frame_002569_0,refused,('0x62b244c0000000000000000000000000000000000000000000000000000000000000000000000000000000000000000000000000000000000000,,6g5dkrwt,,0,0,0,0,0,0
478,0,PVS 1,pothole_PVS1_frame_002575_0,refused,('0x62b244c0000000000000000000000000000000000000000000000000000000000000000000000000000000000000000000000000000000000000,,6g5dkrwt,,0,0,0,0,0,0
479,0,PVS 1,pothole_PVS1_frame_002576_0,refused,('0x62b244c0000000000000000000000000000000000000000000000000000000000000000000000000000000000000000000000000000000000000,,6g5dkrwt,,0,0,0,0,0,0
480,0,PVS 1,pothole_PVS1_frame_002577_0,refused,('0x62b244c0000000000000000000000000000000000000000000000000000000000000000000000000000000000000000000000000000000000000,,6g5dkrws,,0,0,0,0,0,0
481,0,PVS 1,pothole_PVS1_frame_002579_0,refused,('0x62b244c0000000000000000000000000000000000000000000000000000000000000000000000000000000000000000000000000000000000000,,6g5dkrws,,0,0,0,0,0,0
482,0,PVS 1,pothole_PVS1_frame_002580_0,refused,('0x62b244c0000000000000000000000000000000000000000000000000000000000000000000000000000000000000000000000000000000000000,,6g5dkrws,,0,0,0,0,0,0
483,0,PVS 1,pothole_PVS1_frame_002583_0,refused,('0x62b244c0000000000000000000000000000000000000000000000000000000000000000000000000000000000000000000000000000000000000,,6g5dkrws,,0,0,0,0,0,0
484,0,PVS 1,pothole_PVS1_frame_002586_0,refused,('0x62b244c0000000000000000000000000000000000000000000000000000000000000000000000000000000000000000000000000000000000000,,6g5dkrws,,0,0,0,0,0,0
485,0,PVS 1,pothole_PVS1_frame_002589_0,refused,('0x62b244c0000000000000000000000000000000000000000000000000000000000000000000000000000000000000000000000000000000000000,,6g5dkrws,,0,0,0,0,0,0
486,0,PVS 1,pothole_PVS1_frame_002590_0,refused,('0x62b244c0000000000000000000000000000000000000000000000000000000000000000000000000000000000000000000000000000000000000,,6g5dkrws,,0,0,0,0,0,0
487,0,PVS 1,pothole_PVS1_frame_002595_0,refused,('0x62b244c0000000000000000000000000000000000000000000000000000000000000000000000000000000000000000000000000000000000000,,6g5dkrwe,,0,0,0,0,0,0
488,0,PVS 1,pothole_PVS1_frame_002596_0,refused,('0x62b244c0000000000000000000000000000000000000000000000000000000000000000000000000000000000000000000000000000000000000,,6g5dkrwe,,0,0,0,0,0,0
489,0,PVS 1,pothole_PVS1_frame_002597_0,refused,('0x62b244c0000000000000000000000000000000000000000000000000000000000000000000000000000000000000000000000000000000000000,,6g5dkrwe,,0,0,0,0,0,0
490,0,PVS 1,pothole_PVS1_frame_002602_0,refused,('0x62b244c0000000000000000000000000000000000000000000000000000000000000000000000000000000000000000000000000000000000000,,6g5dkrwe,,0,0,0,0,0,0
491,0,PVS 1,pothole_PVS1_frame_002608_0,refused,('0x62b244c0000000000000000000000000000000000000000000000000000000000000000000000000000000000000000000000000000000000000,,6g5dkrwd,,0,0,0,0,0,0
492,0,PVS 1,pothole_PVS1_frame_002609_0,refused,('0x62b244c0000000000000000000000000000000000000000000000000000000000000000000000000000000000000000000000000000000000000,,6g5dkrwd,,0,0,0,0,0,0
493,0,PVS 1,pothole_PVS1_frame_002610_0,refused,('0x62b244c0000000000000000000000000000000000000000000000000000000000000000000000000000000000000000000000000000000000000,,6g5dkrwd,,0,0,0,0,0,0
494,0,PVS 1,pothole_PVS1_frame_002611_0,refused,('0x62b244c0000000000000000000000000000000000000000000000000000000000000000000000000000000000000000000000000000000000000,,6g5dkrwd,,0,0,0,0,0,0
495,0,PVS 1,pothole_PVS1_frame_002612_0,refused,('0x62b244c0000000000000000000000000000000000000000000000000000000000000000000000000000000000000000000000000000000000000,,6g5dkrwd,,0,0,0,0,0,0
496,0,PVS 1,pothole_PVS1_frame_002621_0,refused,('0x62b244c0000000000000000000000000000000000000000000000000000000000000000000000000000000000000000000000000000000000000,,6g5dkrwd,,0,0,0,0,0,0
497,0,PVS 1,pothole_PVS1_frame_002623_0,refused,('0x62b244c0000000000000000000000000000000000000000000000000000000000000000000000000000000000000000000000000000000000000,,6g5dkrw9,,0,0,0,0,0,0
498,0,PVS 1,pothole_PVS1_frame_002625_0,refused,('0x62b244c0000000000000000000000000000000000000000000000000000000000000000000000000000000000000000000000000000000000000,,6g5dkrwc,,0,0,0,0,0,0
499,0,PVS 1,pothole_PVS1_frame_002627_0,refused,('0x62b244c0000000000000000000000000000000000000000000000000000000000000000000000000000000000000000000000000000000000000,,6g5dkrwc,,0,0,0,0,0,0
500,0,PVS 1,pothole_PVS1_frame_002629_0,refused,('0x62b244c0000000000000000000000000000000000000000000000000000000000000000000000000000000000000000000000000000000000000,,6g5dkrwc,,0,0,0,0,0,0
501,0,PVS 1,pothole_PVS1_frame_002631_0,refused,('0x62b244c0000000000000000000000000000000000000000000000000000000000000000000000000000000000000000000000000000000000000,,6g5dkrwc,,0,0,0,0,0,0
502,0,PVS 1,pothole_PVS1_frame_002634_0,refused,('0x62b244c0000000000000000000000000000000000000000000000000000000000000000000000000000000000000000000000000000000000000,,6g5dkrwb,,0,0,0,0,0,0
503,0,PVS 1,pothole_PVS1_frame_002637_0,refused,('0x62b244c0000000000000000000000000000000000000000000000000000000000000000000000000000000000000000000000000000000000000,,6g5dkrwb,,0,0,0,0,0,0
504,0,PVS 1,pothole_PVS1_frame_002655_0,refused,('0x62b244c0000000000000000000000000000000000000000000000000000000000000000000000000000000000000000000000000000000000000,,6g5dkrrp,,0,0,0,0,0,0
505,0,PVS 1,pothole_PVS1_frame_002660_0,refused,('0x62b244c0000000000000000000000000000000000000000000000000000000000000000000000000000000000000000000000000000000000000,,6g5dkrrn,,0,0,0,0,0,0
506,0,PVS 1,pothole_PVS1_frame_002662_0,refused,('0x62b244c0000000000000000000000000000000000000000000000000000000000000000000000000000000000000000000000000000000000000,,6g5dkrrn,,0,0,0,0,0,0
507,0,PVS 1,pothole_PVS1_frame_002667_0,refused,('0x62b244c0000000000000000000000000000000000000000000000000000000000000000000000000000000000000000000000000000000000000,,6g5dkrrn,,0,0,0,0,0,0
508,0,PVS 1,pothole_PVS1_frame_002668_0,refused,('0x62b244c0000000000000000000000000000000000000000000000000000000000000000000000000000000000000000000000000000000000000,,6g5dkrrn,,0,0,0,0,0,0
509,0,PVS 1,pothole_PVS1_frame_002669_0,refused,('0x62b244c0000000000000000000000000000000000000000000000000000000000000000000000000000000000000000000000000000000000000,,6g5dkrrn,,0,0,0,0,0,0
510,0,PVS 1,pothole_PVS1_frame_002671_0,refused,('0x62b244c0000000000000000000000000000000000000000000000000000000000000000000000000000000000000000000000000000000000000,,6g5dkrrj,,0,0,0,0,0,0
511,0,PVS 1,pothole_PVS1_frame_002672_0,refused,('0x62b244c0000000000000000000000000000000000000000000000000000000000000000000000000000000000000000000000000000000000000,,6g5dkrrj,,0,0,0,0,0,0
512,0,PVS 1,pothole_PVS1_frame_002673_0,refused,('0x62b244c0000000000000000000000000000000000000000000000000000000000000000000000000000000000000000000000000000000000000,,6g5dkrrj,,0,0,0,0,0,0
513,0,PVS 1,pothole_PVS1_frame_002674_0,refused,('0x62b244c0000000000000000000000000000000000000000000000000000000000000000000000000000000000000000000000000000000000000,,6g5dkrrj,,0,0,0,0,0,0
514,0,PVS 1,pothole_PVS1_frame_002677_0,refused,('0x62b244c0000000000000000000000000000000000000000000000000000000000000000000000000000000000000000000000000000000000000,,6g5dkrrj,,0,0,0,0,0,0
515,0,PVS 1,pothole_PVS1_frame_002680_0,refused,('0x62b244c0000000000000000000000000000000000000000000000000000000000000000000000000000000000000000000000000000000000000,,6g5dkrrj,,0,0,0,0,0,0
516,0,PVS 1,pothole_PVS1_frame_002681_0,refused,('0x62b244c0000000000000000000000000000000000000000000000000000000000000000000000000000000000000000000000000000000000000,,6g5dkrrj,,0,0,0,0,0,0
517,0,PVS 1,pothole_PVS1_frame_002682_0,refused,('0x62b244c0000000000000000000000000000000000000000000000000000000000000000000000000000000000000000000000000000000000000,,6g5dkrrm,,0,0,0,0,0,0
518,0,PVS 1,pothole_PVS1_frame_002697_0,refused,('0x62b244c0000000000000000000000000000000000000000000000000000000000000000000000000000000000000000000000000000000000000,,6g5dkrrk,,0,0,0,0,0,0
519,0,PVS 1,pothole_PVS1_frame_002698_0,refused,('0x62b244c0000000000000000000000000000000000000000000000000000000000000000000000000000000000000000000000000000000000000,,6g5dkrrk,,0,0,0,0,0,0
520,0,PVS 1,pothole_PVS1_frame_002701_0,refused,('0x62b244c0000000000000000000000000000000000000000000000000000000000000000000000000000000000000000000000000000000000000,,6g5dkrr7,,0,0,0,0,0,0
521,0,PVS 1,pothole_PVS1_frame_002703_0,refused,('0x62b244c0000000000000000000000000000000000000000000000000000000000000000000000000000000000000000000000000000000000000,,6g5dkrr7,,0,0,0,0,0,0
522,0,PVS 1,pothole_PVS1_frame_002704_0,refused,('0x62b244c0000000000000000000000000000000000000000000000000000000000000000000000000000000000000000000000000000000000000,,6g5dkrr7,,0,0,0,0,0,0
523,0,PVS 1,pothole_PVS1_frame_002705_0,refused,('0x62b244c0000000000000000000000000000000000000000000000000000000000000000000000000000000000000000000000000000000000000,,6g5dkrr7,,0,0,0,0,0,0
524,0,PVS 1,pothole_PVS1_frame_002708_0,refused,('0x62b244c0000000000000000000000000000000000000000000000000000000000000000000000000000000000000000000000000000000000000,,6g5dkrr7,,0,0,0,0,0,0
525,0,PVS 1,pothole_PVS1_frame_002712_0,refused,('0x62b244c0000000000000000000000000000000000000000000000000000000000000000000000000000000000000000000000000000000000000,,6g5dkrr7,,0,0,0,0,0,0
526,0,PVS 1,pothole_PVS1_frame_002713_0,refused,('0x62b244c0000000000000000000000000000000000000000000000000000000000000000000000000000000000000000000000000000000000000,,6g5dkrr7,,0,0,0,0,0,0
527,0,PVS 1,pothole_PVS1_frame_002714_0,refused,('0x62b244c0000000000000000000000000000000000000000000000000000000000000000000000000000000000000000000000000000000000000,,6g5dkrr7,,0,0,0,0,0,0
528,0,PVS 1,pothole_PVS1_frame_002716_0,refused,('0x62b244c0000000000000000000000000000000000000000000000000000000000000000000000000000000000000000000000000000000000000,,6g5dkrrd,,0,0,0,0,0,0
529,0,PVS 1,pothole_PVS1_frame_002719_0,refused,('0x62b244c0000000000000000000000000000000000000000000000000000000000000000000000000000000000000000000000000000000000000,,6g5dkrrd,,0,0,0,0,0,0
530,0,PVS 1,pothole_PVS1_frame_002722_0,refused,('0x62b244c0000000000000000000000000000000000000000000000000000000000000000000000000000000000000000000000000000000000000,,6g5dkrrd,,0,0,0,0,0,0
531,0,PVS 1,pothole_PVS1_frame_002724_0,refused,('0x62b244c0000000000000000000000000000000000000000000000000000000000000000000000000000000000000000000000000000000000000,,6g5dkrrd,,0,0,0,0,0,0
532,0,PVS 1,pothole_PVS1_frame_002725_0,refused,('0x62b244c0000000000000000000000000000000000000000000000000000000000000000000000000000000000000000000000000000000000000,,6g5dkrrd,,0,0,0,0,0,0
533,0,PVS 1,pothole_PVS1_frame_002729_0,refused,('0x62b244c0000000000000000000000000000000000000000000000000000000000000000000000000000000000000000000000000000000000000,,6g5dkrrd,,0,0,0,0,0,0
534,0,PVS 1,pothole_PVS1_frame_002752_0,refused,('0x62b244c0000000000000000000000000000000000000000000000000000000000000000000000000000000000000000000000000000000000000,,6g5dkrrb,,0,0,0,0,0,0
535,0,PVS 1,pothole_PVS1_frame_002753_0,refused,('0x62b244c0000000000000000000000000000000000000000000000000000000000000000000000000000000000000000000000000000000000000,,6g5dkrrb,,0,0,0,0,0,0
536,0,PVS 1,pothole_PVS1_frame_002755_0,refused,('0x62b244c0000000000000000000000000000000000000000000000000000000000000000000000000000000000000000000000000000000000000,,6g5dkrrb,,0,0,0,0,0,0
537,0,PVS 1,pothole_PVS1_frame_002767_0,refused,('0x62b244c0000000000000000000000000000000000000000000000000000000000000000000000000000000000000000000000000000000000000,,6g5dkrpz,,0,0,0,0,0,0
538,0,PVS 1,pothole_PVS1_frame_002788_0,refused,('0x62b244c0000000000000000000000000000000000000000000000000000000000000000000000000000000000000000000000000000000000000,,6g5dkrpy,,0,0,0,0,0,0
539,0,PVS 1,pothole_PVS1_frame_002789_0,refused,('0x62b244c0000000000000000000000000000000000000000000000000000000000000000000000000000000000000000000000000000000000000,,6g5dkrpy,,0,0,0,0,0,0
540,0,PVS 1,pothole_PVS1_frame_002790_0,refused,('0x62b244c0000000000000000000000000000000000000000000000000000000000000000000000000000000000000000000000000000000000000,,6g5dkrpy,,0,0,0,0,0,0
541,0,PVS 1,pothole_PVS1_frame_002791_0,refused,('0x62b244c0000000000000000000000000000000000000000000000000000000000000000000000000000000000000000000000000000000000000,,6g5dkrpy,,0,0,0,0,0,0
542,0,PVS 1,pothole_PVS1_frame_002817_0,refused,('0x62b244c0000000000000000000000000000000000000000000000000000000000000000000000000000000000000000000000000000000000000,,6g5dkx0h,,0,0,0,0,0,0
543,0,PVS 1,pothole_PVS1_frame_002818_0,refused,('0x62b244c0000000000000000000000000000000000000000000000000000000000000000000000000000000000000000000000000000000000000,,6g5dkx0h,,0,0,0,0,0,0
544,0,PVS 1,pothole_PVS1_frame_002819_0,refused,('0x62b244c0000000000000000000000000000000000000000000000000000000000000000000000000000000000000000000000000000000000000,,6g5dkx0h,,0,0,0,0,0,0
545,0,PVS 1,pothole_PVS1_frame_002821_0,refused,('0x62b244c0000000000000000000000000000000000000000000000000000000000000000000000000000000000000000000000000000000000000,,6g5dkx05,,0,0,0,0,0,0
546,0,PVS 1,pothole_PVS1_frame_002822_0,refused,('0x62b244c0000000000000000000000000000000000000000000000000000000000000000000000000000000000000000000000000000000000000,,6g5dkx05,,0,0,0,0,0,0
547,0,PVS 1,pothole_PVS1_frame_002823_0,refused,('0x62b244c0000000000000000000000000000000000000000000000000000000000000000000000000000000000000000000000000000000000000,,6g5dkx05,,0,0,0,0,0,0
548,0,PVS 1,pothole_PVS1_frame_002824_0,refused,('0x62b244c0000000000000000000000000000000000000000000000000000000000000000000000000000000000000000000000000000000000000,,6g5dkx05,,0,0,0,0,0,0
549,0,PVS 1,pothole_PVS1_frame_002825_0,refused,('0x62b244c0000000000000000000000000000000000000000000000000000000000000000000000000000000000000000000000000000000000000,,6g5dkx05,,0,0,0,0,0,0
550,0,PVS 1,pothole_PVS1_frame_002826_0,refused,('0x62b244c0000000000000000000000000000000000000000000000000000000000000000000000000000000000000000000000000000000000000,,6g5dkx05,,0,0,0,0,0,0
551,0,PVS 1,pothole_PVS1_frame_002827_0,refused,('0x62b244c0000000000000000000000000000000000000000000000000000000000000000000000000000000000000000000000000000000000000,,6g5dkx05,,0,0,0,0,0,0
552,0,PVS 1,pothole_PVS1_frame_002829_0,refused,('0x62b244c0000000000000000000000000000000000000000000000000000000000000000000000000000000000000000000000000000000000000,,6g5dkx05,,0,0,0,0,0,0
553,0,PVS 1,pothole_PVS1_frame_002830_0,refused,('0x62b244c0000000000000000000000000000000000000000000000000000000000000000000000000000000000000000000000000000000000000,,6g5dkx05,,0,0,0,0,0,0
554,0,PVS 1,pothole_PVS1_frame_002831_0,refused,('0x62b244c0000000000000000000000000000000000000000000000000000000000000000000000000000000000000000000000000000000000000,,6g5dkx05,,0,0,0,0,0,0
555,0,PVS 1,pothole_PVS1_frame_002838_0,refused,('0x62b244c0000000000000000000000000000000000000000000000000000000000000000000000000000000000000000000000000000000000000,,6g5dkx06,,0,0,0,0,0,0
556,0,PVS 1,pothole_PVS1_frame_002840_0,refused,('0x62b244c0000000000000000000000000000000000000000000000000000000000000000000000000000000000000000000000000000000000000,,6g5dkx06,,0,0,0,0,0,0
557,0,PVS 1,pothole_PVS1_frame_002842_0,refused,('0x62b244c0000000000000000000000000000000000000000000000000000000000000000000000000000000000000000000000000000000000000,,6g5dkx06,,0,0,0,0,0,0
558,0,PVS 1,pothole_PVS1_frame_002864_0,refused,('0x62b244c0000000000000000000000000000000000000000000000000000000000000000000000000000000000000000000000000000000000000,,6g5dkx02,,0,0,0,0,0,0
559,0,PVS 1,pothole_PVS1_frame_002873_0,refused,('0x62b244c0000000000000000000000000000000000000000000000000000000000000000000000000000000000000000000000000000000000000,,6g5dkx02,,0,0,0,0,0,0
560,0,PVS 1,pothole_PVS1_frame_002878_0,refused,('0x62b244c0000000000000000000000000000000000000000000000000000000000000000000000000000000000000000000000000000000000000,,6g5dkx08,,0,0,0,0,0,0
561,0,PVS 1,pothole_PVS1_frame_002881_0,refused,('0x62b244c0000000000000000000000000000000000000000000000000000000000000000000000000000000000000000000000000000000000000,,6g5dkx08,,0,0,0,0,0,0
562,0,PVS 1,pothole_PVS1_frame_002884_0,refused,('0x62b244c0000000000000000000000000000000000000000000000000000000000000000000000000000000000000000000000000000000000000,,6g5dkx08,,0,0,0,0,0,0
563,0,PVS 1,pothole_PVS1_frame_002888_0,refused,('0x62b244c0000000000000000000000000000000000000000000000000000000000000000000000000000000000000000000000000000000000000,,6g5dkx08,,0,0,0,0,0,0
564,0,PVS 1,pothole_PVS1_frame_002890_0,refused,('0x62b244c0000000000000000000000000000000000000000000000000000000000000000000000000000000000000000000000000000000000000,,6g5dkx09,,0,0,0,0,0,0
565,0,PVS 1,pothole_PVS1_frame_002891_0,refused,('0x62b244c0000000000000000000000000000000000000000000000000000000000000000000000000000000000000000000000000000000000000,,6g5dkx09,,0,0,0,0,0,0
566,0,PVS 1,pothole_PVS1_frame_002894_0,refused,('0x62b244c0000000000000000000000000000000000000000000000000000000000000000000000000000000000000000000000000000000000000,,6g5dkx0c,,0,0,0,0,0,0
567,0,PVS 1,pothole_PVS1_frame_002894_1,refused,('0x62b244c0000000000000000000000000000000000000000000000000000000000000000000000000000000000000000000000000000000000000,,6g5dkx0c,,0,0,0,0,0,0
568,0,PVS 1,pothole_PVS1_frame_002896_0,refused,('0x62b244c0000000000000000000000000000000000000000000000000000000000000000000000000000000000000000000000000000000000000,,6g5dkx0c,,0,0,0,0,0,0
569,0,PVS 1,pothole_PVS1_frame_002897_0,refused,('0x62b244c0000000000000000000000000000000000000000000000000000000000000000000000000000000000000000000000000000000000000,,6g5dkx0c,,0,0,0,0,0,0
570,0,PVS 1,pothole_PVS1_frame_002898_0,refused,('0x62b244c0000000000000000000000000000000000000000000000000000000000000000000000000000000000000000000000000000000000000,,6g5dkx0c,,0,0,0,0,0,0
571,0,PVS 1,pothole_PVS1_frame_002899_0,refused,('0x62b244c0000000000000000000000000000000000000000000000000000000000000000000000000000000000000000000000000000000000000,,6g5dkx0c,,0,0,0,0,0,0
572,0,PVS 1,pothole_PVS1_frame_002901_0,refused,('0x62b244c0000000000000000000000000000000000000000000000000000000000000000000000000000000000000000000000000000000000000,,6g5dkx0c,,0,0,0,0,0,0
573,0,PVS 1,pothole_PVS1_frame_002908_0,refused,('0x62b244c0000000000000000000000000000000000000000000000000000000000000000000000000000000000000000000000000000000000000,,6g5dkx0c,,0,0,0,0,0,0
574,0,PVS 1,pothole_PVS1_frame_002915_0,refused,('0x62b244c0000000000000000000000000000000000000000000000000000000000000000000000000000000000000000000000000000000000000,,6g5dkx11,,0,0,0,0,0,0
575,0,PVS 1,pothole_PVS1_frame_002925_0,refused,('0x62b244c0000000000000000000000000000000000000000000000000000000000000000000000000000000000000000000000000000000000000,,6g5dkx14,,0,0,0,0,0,0
576,0,PVS 1,pothole_PVS1_frame_002930_0,refused,('0x62b244c0000000000000000000000000000000000000000000000000000000000000000000000000000000000000000000000000000000000000,,6g5dkx14,,0,0,0,0,0,0
577,0,PVS 1,pothole_PVS1_frame_002931_0,refused,('0x62b244c0000000000000000000000000000000000000000000000000000000000000000000000000000000000000000000000000000000000000,,6g5dkx14,,0,0,0,0,0,0
578,0,PVS 1,pothole_PVS1_frame_002932_0,refused,('0x62b244c0000000000000000000000000000000000000000000000000000000000000000000000000000000000000000000000000000000000000,,6g5dkx14,,0,0,0,0,0,0
579,0,PVS 1,pothole_PVS1_frame_002933_0,refused,('0x62b244c0000000000000000000000000000000000000000000000000000000000000000000000000000000000000000000000000000000000000,,6g5dkx14,,0,0,0,0,0,0
580,0,PVS 1,pothole_PVS1_frame_002960_0,refused,('0x62b244c0000000000000000000000000000000000000000000000000000000000000000000000000000000000000000000000000000000000000,,6g5dkx16,,0,0,0,0,0,0
581,0,PVS 1,pothole_PVS1_frame_002969_0,refused,('0x62b244c0000000000000000000000000000000000000000000000000000000000000000000000000000000000000000000000000000000000000,,6g5dkx16,,0,0,0,0,0,0
582,0,PVS 1,pothole_PVS1_frame_002978_0,refused,('0x62b244c0000000000000000000000000000000000000000000000000000000000000000000000000000000000000000000000000000000000000,,6g5dkx16,,0,0,0,0,0,0
583,0,PVS 1,pothole_PVS1_frame_002980_0,refused,('0x62b244c0000000000000000000000000000000000000000000000000000000000000000000000000000000000000000000000000000000000000,,6g5dkx16,,0,0,0,0,0,0
584,0,PVS 1,pothole_PVS1_frame_002981_0,refused,('0x62b244c0000000000000000000000000000000000000000000000000000000000000000000000000000000000000000000000000000000000000,,6g5dkx16,,0,0,0,0,0,0
585,0,PVS 1,pothole_PVS1_frame_002983_0,refused,('0x62b244c0000000000000000000000000000000000000000000000000000000000000000000000000000000000000000000000000000000000000,,6g5dkx16,,0,0,0,0,0,0
586,0,PVS 1,pothole_PVS1_frame_002985_0,refused,('0x62b244c0000000000000000000000000000000000000000000000000000000000000000000000000000000000000000000000000000000000000,,6g5dkx16,,0,0,0,0,0,0
587,0,PVS 1,pothole_PVS1_frame_002986_0,refused,('0x62b244c0000000000000000000000000000000000000000000000000000000000000000000000000000000000000000000000000000000000000,,6g5dkx16,,0,0,0,0,0,0
588,0,PVS 1,pothole_PVS1_frame_002987_0,refused,('0x62b244c0000000000000000000000000000000000000000000000000000000000000000000000000000000000000000000000000000000000000,,6g5dkx16,,0,0,0,0,0,0
589,0,PVS 1,pothole_PVS1_frame_002989_0,refused,('0x62b244c0000000000000000000000000000000000000000000000000000000000000000000000000000000000000000000000000000000000000,,6g5dkx16,,0,0,0,0,0,0
590,0,PVS 1,pothole_PVS1_frame_002990_0,refused,('0x62b244c0000000000000000000000000000000000000000000000000000000000000000000000000000000000000000000000000000000000000,,6g5dkx1e,,0,0,0,0,0,0
591,0,PVS 1,pothole_PVS1_frame_002993_0,refused,('0x62b244c0000000000000000000000000000000000000000000000000000000000000000000000000000000000000000000000000000000000000,,6g5dkx1e,,0,0,0,0,0,0
592,0,PVS 1,pothole_PVS1_frame_003000_0,refused,('0x62b244c0000000000000000000000000000000000000000000000000000000000000000000000000000000000000000000000000000000000000,,6g5dkx1g,,0,0,0,0,0,0
593,0,PVS 1,pothole_PVS1_frame_003001_0,refused,('0x62b244c0000000000000000000000000000000000000000000000000000000000000000000000000000000000000000000000000000000000000,,6g5dkx1g,,0,0,0,0,0,0
594,0,PVS 1,pothole_PVS1_frame_003002_0,refused,('0x62b244c0000000000000000000000000000000000000000000000000000000000000000000000000000000000000000000000000000000000000,,6g5dkx1u,,0,0,0,0,0,0
595,0,PVS 1,pothole_PVS1_frame_003003_0,refused,('0x62b244c0000000000000000000000000000000000000000000000000000000000000000000000000000000000000000000000000000000000000,,6g5dkx1u,,0,0,0,0,0,0
596,0,PVS 1,pothole_PVS1_frame_003005_0,refused,('0x62b244c0000000000000000000000000000000000000000000000000000000000000000000000000000000000000000000000000000000000000,,6g5dkx1u,,0,0,0,0,0,0
597,0,PVS 1,pothole_PVS1_frame_003018_0,refused,('0x62b244c0000000000000000000000000000000000000000000000000000000000000000000000000000000000000000000000000000000000000,,6g5dkx4h,,0,0,0,0,0,0
598,0,PVS 1,pothole_PVS1_frame_003022_0,refused,('0x62b244c0000000000000000000000000000000000000000000000000000000000000000000000000000000000000000000000000000000000000,,6g5dkx4h,,0,0,0,0,0,0
599,0,PVS 1,pothole_PVS1_frame_003035_0,refused,('0x62b244c0000000000000000000000000000000000000000000000000000000000000000000000000000000000000000000000000000000000000,,6g5dkx4h,,0,0,0,0,0,0
600,0,PVS 1,pothole_PVS1_frame_003041_0,refused,('0x62b244c0000000000000000000000000000000000000000000000000000000000000000000000000000000000000000000000000000000000000,,6g5dkx4j,,0,0,0,0,0,0
601,0,PVS 1,pothole_PVS1_frame_003058_0,refused,('0x62b244c0000000000000000000000000000000000000000000000000000000000000000000000000000000000000000000000000000000000000,,6g5dkx4n,,0,0,0,0,0,0
602,0,PVS 1,pothole_PVS1_frame_003059_0,refused,('0x62b244c0000000000000000000000000000000000000000000000000000000000000000000000000000000000000000000000000000000000000,,6g5dkx4n,,0,0,0,0,0,0
603,0,PVS 1,pothole_PVS1_frame_003061_0,refused,('0x62b244c0000000000000000000000000000000000000000000000000000000000000000000000000000000000000000000000000000000000000,,6g5dkx4n,,0,0,0,0,0,0
604,0,PVS 1,pothole_PVS1_frame_003062_0,refused,('0x62b244c0000000000000000000000000000000000000000000000000000000000000000000000000000000000000000000000000000000000000,,6g5dkx4n,,0,0,0,0,0,0
605,0,PVS 1,pothole_PVS1_frame_003070_0,refused,('0x62b244c0000000000000000000000000000000000000000000000000000000000000000000000000000000000000000000000000000000000000,,6g5dkx4n,,0,0,0,0,0,0
606,0,PVS 1,pothole_PVS1_frame_003071_0,refused,('0x62b244c0000000000000000000000000000000000000000000000000000000000000000000000000000000000000000000000000000000000000,,6g5dkx4n,,0,0,0,0,0,0
607,0,PVS 1,pothole_PVS1_frame_003072_0,refused,('0x62b244c0000000000000000000000000000000000000000000000000000000000000000000000000000000000000000000000000000000000000,,6g5dkx4n,,0,0,0,0,0,0
608,0,PVS 1,pothole_PVS1_frame_003073_0,refused,('0x62b244c0000000000000000000000000000000000000000000000000000000000000000000000000000000000000000000000000000000000000,,6g5dkx4n,,0,0,0,0,0,0
609,0,PVS 1,pothole_PVS1_frame_003078_0,refused,('0x62b244c0000000000000000000000000000000000000000000000000000000000000000000000000000000000000000000000000000000000000,,6g5dkx1z,,0,0,0,0,0,0
610,0,PVS 1,pothole_PVS1_frame_003085_0,refused,('0x62b244c0000000000000000000000000000000000000000000000000000000000000000000000000000000000000000000000000000000000000,,6g5dkx1z,,0,0,0,0,0,0
611,0,PVS 1,pothole_PVS1_frame_003086_0,refused,('0x62b244c0000000000000000000000000000000000000000000000000000000000000000000000000000000000000000000000000000000000000,,6g5dkx1z,,0,0,0,0,0,0
612,0,PVS 1,pothole_PVS1_frame_003089_0,refused,('0x62b244c0000000000000000000000000000000000000000000000000000000000000000000000000000000000000000000000000000000000000,,6g5dkx3b,,0,0,0,0,0,0
613,0,PVS 1,pothole_PVS1_frame_003091_0,refused,('0x62b244c0000000000000000000000000000000000000000000000000000000000000000000000000000000000000000000000000000000000000,,6g5dkx3b,,0,0,0,0,0,0
614,0,PVS 1,pothole_PVS1_frame_003093_0,refused,('0x62b244c0000000000000000000000000000000000000000000000000000000000000000000000000000000000000000000000000000000000000,,6g5dkx3b,,0,0,0,0,0,0
615,0,PVS 1,pothole_PVS1_frame_003098_0,refused,('0x62b244c0000000000000000000000000000000000000000000000000000000000000000000000000000000000000000000000000000000000000,,6g5dkx3b,,0,0,0,0,0,0
616,0,PVS 1,pothole_PVS1_frame_003099_0,refused,('0x62b244c0000000000000000000000000000000000000000000000000000000000000000000000000000000000000000000000000000000000000,,6g5dkx3c,,0,0,0,0,0,0
617,0,PVS 1,pothole_PVS1_frame_003101_0,refused,('0x62b244c0000000000000000000000000000000000000000000000000000000000000000000000000000000000000000000000000000000000000,,6g5dkx3c,,0,0,0,0,0,0
618,0,PVS 1,pothole_PVS1_frame_003105_0,refused,('0x62b244c0000000000000000000000000000000000000000000000000000000000000000000000000000000000000000000000000000000000000,,6g5dkx3c,,0,0,0,0,0,0
619,0,PVS 1,pothole_PVS1_frame_003106_0,refused,('0x62b244c0000000000000000000000000000000000000000000000000000000000000000000000000000000000000000000000000000000000000,,6g5dkx3c,,0,0,0,0,0,0
620,0,PVS 1,pothole_PVS1_frame_003107_0,refused,('0x62b244c0000000000000000000000000000000000000000000000000000000000000000000000000000000000000000000000000000000000000,,6g5dkx3c,,0,0,0,0,0,0
621,0,PVS 1,pothole_PVS1_frame_003109_0,refused,('0x62b244c0000000000000000000000000000000000000000000000000000000000000000000000000000000000000000000000000000000000000,,6g5dkx3c,,0,0,0,0,0,0
622,0,PVS 1,pothole_PVS1_frame_003110_0,refused,('0x62b244c0000000000000000000000000000000000000000000000000000000000000000000000000000000000000000000000000000000000000,,6g5dkx3c,,0,0,0,0,0,0
623,0,PVS 1,pothole_PVS1_frame_003111_0,refused,('0x62b244c0000000000000000000000000000000000000000000000000000000000000000000000000000000000000000000000000000000000000,,6g5dkx3f,,0,0,0,0,0,0
624,0,PVS 1,pothole_PVS1_frame_003112_0,refused,('0x62b244c0000000000000000000000000000000000000000000000000000000000000000000000000000000000000000000000000000000000000,,6g5dkx3f,,0,0,0,0,0,0
625,0,PVS 1,pothole_PVS1_frame_003114_0,refused,('0x62b244c0000000000000000000000000000000000000000000000000000000000000000000000000000000000000000000000000000000000000,,6g5dkx3f,,0,0,0,0,0,0
626,0,PVS 1,pothole_PVS1_frame_003115_0,refused,('0x62b244c0000000000000000000000000000000000000000000000000000000000000000000000000000000000000000000000000000000000000,,6g5dkx3f,,0,0,0,0,0,0
627,0,PVS 1,pothole_PVS1_frame_003120_0,refused,('0x62b244c0000000000000000000000000000000000000000000000000000000000000000000000000000000000000000000000000000000000000,,6g5dkx3f,,0,0,0,0,0,0
628,0,PVS 1,pothole_PVS1_frame_003123_0,refused,('0x62b244c0000000000000000000000000000000000000000000000000000000000000000000000000000000000000000000000000000000000000,,6g5dkx3f,,0,0,0,0,0,0
629,0,PVS 1,pothole_PVS1_frame_003124_0,refused,('0x62b244c0000000000000000000000000000000000000000000000000000000000000000000000000000000000000000000000000000000000000,,6g5dkx3f,,0,0,0,0,0,0
630,0,PVS 1,pothole_PVS1_frame_003141_0,refused,('0x62b244c0000000000000000000000000000000000000000000000000000000000000000000000000000000000000000000000000000000000000,,6g5dkx3e,,0,0,0,0,0,0
631,0,PVS 1,pothole_PVS1_frame_003146_0,refused,('0x62b244c0000000000000000000000000000000000000000000000000000000000000000000000000000000000000000000000000000000000000,,6g5dkx3s,,0,0,0,0,0,0
632,0,PVS 1,pothole_PVS1_frame_003150_0,refused,('0x62b244c0000000000000000000000000000000000000000000000000000000000000000000000000000000000000000000000000000000000000,,6g5dkx3s,,0,0,0,0,0,0
633,0,PVS 1,pothole_PVS1_frame_003152_0,refused,('0x62b244c0000000000000000000000000000000000000000000000000000000000000000000000000000000000000000000000000000000000000,,6g5dkx3s,,0,0,0,0,0,0
634,0,PVS 1,pothole_PVS1_frame_003153_0,refused,('0x62b244c0000000000000000000000000000000000000000000000000000000000000000000000000000000000000000000000000000000000000,,6g5dkx3s,,0,0,0,0,0,0
635,0,PVS 1,pothole_PVS1_frame_003154_0,refused,('0x62b244c0000000000000000000000000000000000000000000000000000000000000000000000000000000000000000000000000000000000000,,6g5dkx3s,,0,0,0,0,0,0
636,0,PVS 1,pothole_PVS1_frame_003155_0,refused,('0x62b244c0000000000000000000000000000000000000000000000000000000000000000000000000000000000000000000000000000000000000,,6g5dkx3s,,0,0,0,0,0,0
637,0,PVS 1,pothole_PVS1_frame_003156_0,refused,('0x62b244c0000000000000000000000000000000000000000000000000000000000000000000000000000000000000000000000000000000000000,,6g5dkx3t,,0,0,0,0,0,0
638,0,PVS 1,pothole_PVS1_frame_003159_0,refused,('0x62b244c0000000000000000000000000000000000000000000000000000000000000000000000000000000000000000000000000000000000000,,6g5dkx3t,,0,0,0,0,0,0
639,0,PVS 1,pothole_PVS1_frame_003161_0,refused,('0x62b244c0000000000000000000000000000000000000000000000000000000000000000000000000000000000000000000000000000000000000,,6g5dkx3t,,0,0,0,0,0,0
640,0,PVS 1,pothole_PVS1_frame_003162_0,refused,('0x62b244c0000000000000000000000000000000000000000000000000000000000000000000000000000000000000000000000000000000000000,,6g5dkx3t,,0,0,0,0,0,0
641,0,PVS 1,pothole_PVS1_frame_003163_0,refused,('0x62b244c0000000000000000000000000000000000000000000000000000000000000000000000000000000000000000000000000000000000000,,6g5dkx3t,,0,0,0,0,0,0
642,0,PVS 1,pothole_PVS1_frame_003165_0,refused,('0x62b244c0000000000000000000000000000000000000000000000000000000000000000000000000000000000000000000000000000000000000,,6g5dkx3t,,0,0,0,0,0,0
643,0,PVS 1,pothole_PVS1_frame_003167_0,refused,('0x62b244c0000000000000000000000000000000000000000000000000000000000000000000000000000000000000000000000000000000000000,,6g5dkx3w,,0,0,0,0,0,0
644,0,PVS 1,pothole_PVS1_frame_003168_0,refused,('0x62b244c0000000000000000000000000000000000000000000000000000000000000000000000000000000000000000000000000000000000000,,6g5dkx3w,,0,0,0,0,0,0
645,0,PVS 1,pothole_PVS1_frame_003168_1,refused,('0x62b244c0000000000000000000000000000000000000000000000000000000000000000000000000000000000000000000000000000000000000,,6g5dkx3w,,0,0,0,0,0,0
646,0,PVS 1,pothole_PVS1_frame_003169_0,refused,('0x62b244c0000000000000000000000000000000000000000000000000000000000000000000000000000000000000000000000000000000000000,,6g5dkx3w,,0,0,0,0,0,0
647,0,PVS 1,pothole_PVS1_frame_003170_0,refused,('0x62b244c0000000000000000000000000000000000000000000000000000000000000000000000000000000000000000000000000000000000000,,6g5dkx3w,,0,0,0,0,0,0
648,0,PVS 1,pothole_PVS1_frame_003171_0,refused,('0x62b244c0000000000000000000000000000000000000000000000000000000000000000000000000000000000000000000000000000000000000,,6g5dkx3w,,0,0,0,0,0,0
649,0,PVS 1,pothole_PVS1_frame_003172_0,refused,('0x62b244c0000000000000000000000000000000000000000000000000000000000000000000000000000000000000000000000000000000000000,,6g5dkx3w,,0,0,0,0,0,0
650,0,PVS 1,pothole_PVS1_frame_003176_0,refused,('0x62b244c0000000000000000000000000000000000000000000000000000000000000000000000000000000000000000000000000000000000000,,6g5dkx3w,,0,0,0,0,0,0
651,0,PVS 1,pothole_PVS1_frame_003177_0,refused,('0x62b244c0000000000000000000000000000000000000000000000000000000000000000000000000000000000000000000000000000000000000,,6g5dkx3w,,0,0,0,0,0,0
652,0,PVS 1,pothole_PVS1_frame_003178_0,refused,('0x62b244c0000000000000000000000000000000000000000000000000000000000000000000000000000000000000000000000000000000000000,,6g5dkx3w,,0,0,0,0,0,0
653,0,PVS 1,pothole_PVS1_frame_003179_0,refused,('0x62b244c0000000000000000000000000000000000000000000000000000000000000000000000000000000000000000000000000000000000000,,6g5dkx3r,,0,0,0,0,0,0
654,0,PVS 1,pothole_PVS1_frame_003181_0,refused,('0x62b244c0000000000000000000000000000000000000000000000000000000000000000000000000000000000000000000000000000000000000,,6g5dkx3r,,0,0,0,0,0,0
655,0,PVS 1,pothole_PVS1_frame_003186_0,refused,('0x62b244c0000000000000000000000000000000000000000000000000000000000000000000000000000000000000000000000000000000000000,,6g5dkx3r,,0,0,0,0,0,0
656,0,PVS 1,pothole_PVS1_frame_003189_0,refused,('0x62b244c0000000000000000000000000000000000000000000000000000000000000000000000000000000000000000000000000000000000000,,6g5dkx3r,,0,0,0,0,0,0
657,0,PVS 1,pothole_PVS1_frame_003194_0,refused,('0x62b244c0000000000000000000000000000000000000000000000000000000000000000000000000000000000000000000000000000000000000,,6g5dkx92,,0,0,0,0,0,0
658,0,PVS 1,pothole_PVS1_frame_003200_0,refused,('0x62b244c0000000000000000000000000000000000000000000000000000000000000000000000000000000000000000000000000000000000000,,6g5dkx92,,0,0,0,0,0,0
659,0,PVS 1,pothole_PVS1_frame_003203_0,refused,('0x62b244c0000000000000000000000000000000000000000000000000000000000000000000000000000000000000000000000000000000000000,,6g5dkx93,,0,0,0,0,0,0
660,0,PVS 1,pothole_PVS1_frame_003205_0,refused,('0x62b244c0000000000000000000000000000000000000000000000000000000000000000000000000000000000000000000000000000000000000,,6g5dkx93,,0,0,0,0,0,0
661,0,PVS 1,pothole_PVS1_frame_003216_0,refused,('0x62b244c0000000000000000000000000000000000000000000000000000000000000000000000000000000000000000000000000000000000000,,6g5dkx94,,0,0,0,0,0,0
662,0,PVS 1,pothole_PVS1_frame_003218_0,refused,('0x62b244c0000000000000000000000000000000000000000000000000000000000000000000000000000000000000000000000000000000000000,,6g5dkx94,,0,0,0,0,0,0
663,0,PVS 1,pothole_PVS1_frame_003219_0,refused,('0x62b244c0000000000000000000000000000000000000000000000000000000000000000000000000000000000000000000000000000000000000,,6g5dkx94,,0,0,0,0,0,0
664,0,PVS 1,pothole_PVS1_frame_003220_0,refused,('0x62b244c0000000000000000000000000000000000000000000000000000000000000000000000000000000000000000000000000000000000000,,6g5dkx95,,0,0,0,0,0,0
665,0,PVS 1,pothole_PVS1_frame_003221_0,refused,('0x62b244c0000000000000000000000000000000000000000000000000000000000000000000000000000000000000000000000000000000000000,,6g5dkx95,,0,0,0,0,0,0
666,0,PVS 1,pothole_PVS1_frame_003222_0,refused,('0x62b244c0000000000000000000000000000000000000000000000000000000000000000000000000000000000000000000000000000000000000,,6g5dkx95,,0,0,0,0,0,0
667,0,PVS 1,pothole_PVS1_frame_003225_0,refused,('0x62b244c0000000000000000000000000000000000000000000000000000000000000000000000000000000000000000000000000000000000000,,6g5dkx95,,0,0,0,0,0,0
668,0,PVS 1,pothole_PVS1_frame_003226_0,refused,('0x62b244c0000000000000000000000000000000000000000000000000000000000000000000000000000000000000000000000000000000000000,,6g5dkx95,,0,0,0,0,0,0
669,0,PVS 1,pothole_PVS1_frame_003232_0,refused,('0x62b244c0000000000000000000000000000000000000000000000000000000000000000000000000000000000000000000000000000000000000,,6g5dkx9h,,0,0,0,0,0,0
670,0,PVS 1,pothole_PVS1_frame_003234_0,refused,('0x62b244c0000000000000000000000000000000000000000000000000000000000000000000000000000000000000000000000000000000000000,,6g5dkx9h,,0,0,0,0,0,0
671,0,PVS 1,pothole_PVS1_frame_003235_0,refused,('0x62b244c0000000000000000000000000000000000000000000000000000000000000000000000000000000000000000000000000000000000000,,6g5dkx9h,,0,0,0,0,0,0
672,0,PVS 1,pothole_PVS1_frame_003236_0,refused,('0x62b244c0000000000000000000000000000000000000000000000000000000000000000000000000000000000000000000000000000000000000,,6g5dkx9h,,0,0,0,0,0,0
673,0,PVS 1,pothole_PVS1_frame_003237_0,refused,('0x62b244c0000000000000000000000000000000000000000000000000000000000000000000000000000000000000000000000000000000000000,,6g5dkx9h,,0,0,0,0,0,0
674,0,PVS 1,pothole_PVS1_frame_003238_0,refused,('0x62b244c0000000000000000000000000000000000000000000000000000000000000000000000000000000000000000000000000000000000000,,6g5dkx9h,,0,0,0,0,0,0
675,0,PVS 1,pothole_PVS1_frame_003239_0,refused,('0x62b244c0000000000000000000000000000000000000000000000000000000000000000000000000000000000000000000000000000000000000,,6g5dkx9h,,0,0,0,0,0,0
676,0,PVS 1,pothole_PVS1_frame_003240_0,refused,('0x62b244c0000000000000000000000000000000000000000000000000000000000000000000000000000000000000000000000000000000000000,,6g5dkx9h,,0,0,0,0,0,0
677,0,PVS 1,pothole_PVS1_frame_003243_0,refused,('0x62b244c0000000000000000000000000000000000000000000000000000000000000000000000000000000000000000000000000000000000000,,6g5dkx9j,,0,0,0,0,0,0
678,0,PVS 1,pothole_PVS1_frame_003246_0,refused,('0x62b244c0000000000000000000000000000000000000000000000000000000000000000000000000000000000000000000000000000000000000,,6g5dkx9j,,0,0,0,0,0,0
679,0,PVS 1,pothole_PVS1_frame_003247_0,refused,('0x62b244c0000000000000000000000000000000000000000000000000000000000000000000000000000000000000000000000000000000000000,,6g5dkx9j,,0,0,0,0,0,0
680,0,PVS 1,pothole_PVS1_frame_003248_0,refused,('0x62b244c0000000000000000000000000000000000000000000000000000000000000000000000000000000000000000000000000000000000000,,6g5dkx9j,,0,0,0,0,0,0
681,0,PVS 1,pothole_PVS1_frame_003249_0,refused,('0x62b244c0000000000000000000000000000000000000000000000000000000000000000000000000000000000000000000000000000000000000,,6g5dkx9j,,0,0,0,0,0,0
682,0,PVS 1,pothole_PVS1_frame_003250_0,refused,('0x62b244c0000000000000000000000000000000000000000000000000000000000000000000000000000000000000000000000000000000000000,,6g5dkx8v,,0,0,0,0,0,0
683,0,PVS 1,pothole_PVS1_frame_003251_0,refused,('0x62b244c0000000000000000000000000000000000000000000000000000000000000000000000000000000000000000000000000000000000000,,6g5dkx8v,,0,0,0,0,0,0
684,0,PVS 1,pothole_PVS1_frame_003252_0,refused,('0x62b244c0000000000000000000000000000000000000000000000000000000000000000000000000000000000000000000000000000000000000,,6g5dkx8v,,0,0,0,0,0,0
685,0,PVS 1,pothole_PVS1_frame_003253_0,refused,('0x62b244c0000000000000000000000000000000000000000000000000000000000000000000000000000000000000000000000000000000000000,,6g5dkx8v,,0,0,0,0,0,0
686,0,PVS 1,pothole_PVS1_frame_003254_0,refused,('0x62b244c0000000000000000000000000000000000000000000000000000000000000000000000000000000000000000000000000000000000000,,6g5dkx8v,,0,0,0,0,0,0
687,0,PVS 1,pothole_PVS1_frame_003255_0,refused,('0x62b244c0000000000000000000000000000000000000000000000000000000000000000000000000000000000000000000000000000000000000,,6g5dkx8v,,0,0,0,0,0,0
688,0,PVS 1,pothole_PVS1_frame_003256_0,refused,('0x62b244c0000000000000000000000000000000000000000000000000000000000000000000000000000000000000000000000000000000000000,,6g5dkx8v,,0,0,0,0,0,0
689,0,PVS 1,pothole_PVS1_frame_003257_0,refused,('0x62b244c0000000000000000000000000000000000000000000000000000000000000000000000000000000000000000000000000000000000000,,6g5dkx8v,,0,0,0,0,0,0
690,0,PVS 1,pothole_PVS1_frame_003258_0,refused,('0x62b244c0000000000000000000000000000000000000000000000000000000000000000000000000000000000000000000000000000000000000,,6g5dkx8y,,0,0,0,0,0,0
691,0,PVS 1,pothole_PVS1_frame_003259_0,refused,('0x62b244c0000000000000000000000000000000000000000000000000000000000000000000000000000000000000000000000000000000000000,,6g5dkx8y,,0,0,0,0,0,0
692,0,PVS 1,pothole_PVS1_frame_003260_0,refused,('0x62b244c0000000000000000000000000000000000000000000000000000000000000000000000000000000000000000000000000000000000000,,6g5dkx8y,,0,0,0,0,0,0
693,0,PVS 1,pothole_PVS1_frame_003261_0,refused,('0x62b244c0000000000000000000000000000000000000000000000000000000000000000000000000000000000000000000000000000000000000,,6g5dkx8y,,0,0,0,0,0,0
694,0,PVS 1,pothole_PVS1_frame_003262_0,refused,('0x62b244c0000000000000000000000000000000000000000000000000000000000000000000000000000000000000000000000000000000000000,,6g5dkx8y,,0,0,0,0,0,0
695,0,PVS 1,pothole_PVS1_frame_003265_0,refused,('0x62b244c0000000000000000000000000000000000000000000000000000000000000000000000000000000000000000000000000000000000000,,6g5dkx8y,,0,0,0,0,0,0
696,0,PVS 1,pothole_PVS1_frame_003266_0,refused,('0x62b244c0000000000000000000000000000000000000000000000000000000000000000000000000000000000000000000000000000000000000,,6g5dkx8y,,0,0,0,0,0,0
697,0,PVS 1,pothole_PVS1_frame_003269_0,refused,('0x62b244c0000000000000000000000000000000000000000000000000000000000000000000000000000000000000000000000000000000000000,,6g5dkx8y,,0,0,0,0,0,0
698,0,PVS 1,pothole_PVS1_frame_003270_0,refused,('0x62b244c0000000000000000000000000000000000000000000000000000000000000000000000000000000000000000000000000000000000000,,6g5dkx8y,,0,0,0,0,0,0
699,0,PVS 1,pothole_PVS1_frame_003272_0,refused,('0x62b244c0000000000000000000000000000000000000000000000000000000000000000000000000000000000000000000000000000000000000,,6g5dkx8y,,0,0,0,0,0,0
700,0,PVS 1,pothole_PVS1_frame_003274_0,refused,('0x62b244c0000000000000000000000000000000000000000000000000000000000000000000000000000000000000000000000000000000000000,,6g5dkx8z,,0,0,0,0,0,0
701,0,PVS 1,pothole_PVS1_frame_003275_0,refused,('0x62b244c0000000000000000000000000000000000000000000000000000000000000000000000000000000000000000000000000000000000000,,6g5dkx8z,,0,0,0,0,0,0
702,0,PVS 1,pothole_PVS1_frame_003286_0,refused,('0x62b244c0000000000000000000000000000000000000000000000000000000000000000000000000000000000000000000000000000000000000,,6g5dkx8z,,0,0,0,0,0,0
703,0,PVS 1,pothole_PVS1_frame_003287_0,refused,('0x62b244c0000000000000000000000000000000000000000000000000000000000000000000000000000000000000000000000000000000000000,,6g5dkx8z,,0,0,0,0,0,0
704,0,PVS 1,pothole_PVS1_frame_003332_0,refused,('0x62b244c0000000000000000000000000000000000000000000000000000000000000000000000000000000000000000000000000000000000000,,6g5dkxbe,,0,0,0,0,0,0
705,0,PVS 1,pothole_PVS1_frame_003335_0,refused,('0x62b244c0000000000000000000000000000000000000000000000000000000000000000000000000000000000000000000000000000000000000,,6g5dkxbe,,0,0,0,0,0,0
706,0,PVS 1,pothole_PVS1_frame_003336_0,refused,('0x62b244c0000000000000000000000000000000000000000000000000000000000000000000000000000000000000000000000000000000000000,,6g5dkxbe,,0,0,0,0,0,0
707,0,PVS 1,pothole_PVS1_frame_003337_0,refused,('0x62b244c0000000000000000000000000000000000000000000000000000000000000000000000000000000000000000000000000000000000000,,6g5dkxbs,,0,0,0,0,0,0
708,0,PVS 1,pothole_PVS1_frame_003340_0,refused,('0x62b244c0000000000000000000000000000000000000000000000000000000000000000000000000000000000000000000000000000000000000,,6g5dkxbs,,0,0,0,0,0,0
709,0,PVS 1,pothole_PVS1_frame_003341_0,refused,('0x62b244c0000000000000000000000000000000000000000000000000000000000000000000000000000000000000000000000000000000000000,,6g5dkxbs,,0,0,0,0,0,0
710,0,PVS 1,pothole_PVS1_frame_003348_0,refused,('0x62b244c0000000000000000000000000000000000000000000000000000000000000000000000000000000000000000000000000000000000000,,6g5dkxbt,,0,0,0,0,0,0
711,0,PVS 1,pothole_PVS1_frame_003349_0,refused,('0x62b244c0000000000000000000000000000000000000000000000000000000000000000000000000000000000000000000000000000000000000,,6g5dkxbt,,0,0,0,0,0,0
712,0,PVS 1,pothole_PVS1_frame_003350_0,refused,('0x62b244c0000000000000000000000000000000000000000000000000000000000000000000000000000000000000000000000000000000000000,,6g5dkxbt,,0,0,0,0,0,0
713,0,PVS 1,pothole_PVS1_frame_003355_0,refused,('0x62b244c0000000000000000000000000000000000000000000000000000000000000000000000000000000000000000000000000000000000000,,6g5dkxbq,,0,0,0,0,0,0
714,0,PVS 1,pothole_PVS1_frame_003360_0,refused,('0x62b244c0000000000000000000000000000000000000000000000000000000000000000000000000000000000000000000000000000000000000,,6g5dkxbq,,0,0,0,0,0,0
715,0,PVS 1,pothole_PVS1_frame_003361_0,refused,('0x62b244c0000000000000000000000000000000000000000000000000000000000000000000000000000000000000000000000000000000000000,,6g5dkxbq,,0,0,0,0,0,0
716,0,PVS 1,pothole_PVS1_frame_003362_0,refused,('0x62b244c0000000000000000000000000000000000000000000000000000000000000000000000000000000000000000000000000000000000000,,6g5dkxbq,,0,0,0,0,0,0
717,0,PVS 1,pothole_PVS1_frame_003364_0,refused,('0x62b244c0000000000000000000000000000000000000000000000000000000000000000000000000000000000000000000000000000000000000,,6g5dkxbq,,0,0,0,0,0,0
718,0,PVS 1,pothole_PVS1_frame_003365_0,refused,('0x62b244c0000000000000000000000000000000000000000000000000000000000000000000000000000000000000000000000000000000000000,,6g5dkxbq,,0,0,0,0,0,0
719,0,PVS 1,pothole_PVS1_frame_003366_0,refused,('0x62b244c0000000000000000000000000000000000000000000000000000000000000000000000000000000000000000000000000000000000000,,6g5dkxbq,,0,0,0,0,0,0
720,0,PVS 1,pothole_PVS1_frame_003367_0,refused,('0x62b244c0000000000000000000000000000000000000000000000000000000000000000000000000000000000000000000000000000000000000,,6g5dkxbr,,0,0,0,0,0,0
721,0,PVS 1,pothole_PVS1_frame_003368_0,refused,('0x62b244c0000000000000000000000000000000000000000000000000000000000000000000000000000000000000000000000000000000000000,,6g5dkxbr,,0,0,0,0,0,0
722,0,PVS 1,pothole_PVS1_frame_003369_0,refused,('0x62b244c0000000000000000000000000000000000000000000000000000000000000000000000000000000000000000000000000000000000000,,6g5dkxbr,,0,0,0,0,0,0
723,0,PVS 1,pothole_PVS1_frame_003372_0,refused,('0x62b244c0000000000000000000000000000000000000000000000000000000000000000000000000000000000000000000000000000000000000,,6g5dkxbr,,0,0,0,0,0,0
724,0,PVS 1,pothole_PVS1_frame_003373_0,refused,('0x62b244c0000000000000000000000000000000000000000000000000000000000000000000000000000000000000000000000000000000000000,,6g5dkxbr,,0,0,0,0,0,0
725,0,PVS 1,pothole_PVS1_frame_003391_0,refused,('0x62b244c0000000000000000000000000000000000000000000000000000000000000000000000000000000000000000000000000000000000000,,6g5ds802,,0,0,0,0,0,0
726,0,PVS 1,pothole_PVS1_frame_003397_0,refused,('0x62b244c0000000000000000000000000000000000000000000000000000000000000000000000000000000000000000000000000000000000000,,6g5ds802,,0,0,0,0,0,0
727,0,PVS 1,pothole_PVS1_frame_003400_0,refused,('0x62b244c0000000000000000000000000000000000000000000000000000000000000000000000000000000000000000000000000000000000000,,6g5ds802,,0,0,0,0,0,0
728,0,PVS 1,pothole_PVS1_frame_003404_0,refused,('0x62b244c0000000000000000000000000000000000000000000000000000000000000000000000000000000000000000000000000000000000000,,6g5ds802,,0,0,0,0,0,0
729,0,PVS 1,pothole_PVS1_frame_003405_0,refused,('0x62b244c0000000000000000000000000000000000000000000000000000000000000000000000000000000000000000000000000000000000000,,6g5ds802,,0,0,0,0,0,0
730,0,PVS 1,pothole_PVS1_frame_003406_0,refused,('0x62b244c0000000000000000000000000000000000000000000000000000000000000000000000000000000000000000000000000000000000000,,6g5ds802,,0,0,0,0,0,0
731,0,PVS 1,pothole_PVS1_frame_003407_0,refused,('0x62b244c0000000000000000000000000000000000000000000000000000000000000000000000000000000000000000000000000000000000000,,6g5ds802,,0,0,0,0,0,0
732,0,PVS 1,pothole_PVS1_frame_003410_0,refused,('0x62b244c0000000000000000000000000000000000000000000000000000000000000000000000000000000000000000000000000000000000000,,6g5ds802,,0,0,0,0,0,0
733,0,PVS 1,pothole_PVS1_frame_003412_0,refused,('0x62b244c0000000000000000000000000000000000000000000000000000000000000000000000000000000000000000000000000000000000000,,6g5ds802,,0,0,0,0,0,0
734,0,PVS 1,pothole_PVS1_frame_003416_0,refused,('0x62b244c0000000000000000000000000000000000000000000000000000000000000000000000000000000000000000000000000000000000000,,6g5ds803,,0,0,0,0,0,0
735,0,PVS 1,pothole_PVS1_frame_003419_0,refused,('0x62b244c0000000000000000000000000000000000000000000000000000000000000000000000000000000000000000000000000000000000000,,6g5ds803,,0,0,0,0,0,0
736,0,PVS 1,pothole_PVS1_frame_003420_0,refused,('0x62b244c0000000000000000000000000000000000000000000000000000000000000000000000000000000000000000000000000000000000000,,6g5ds803,,0,0,0,0,0,0
737,0,PVS 1,pothole_PVS1_frame_003421_0,refused,('0x62b244c0000000000000000000000000000000000000000000000000000000000000000000000000000000000000000000000000000000000000,,6g5ds803,,0,0,0,0,0,0
738,0,PVS 1,pothole_PVS1_frame_003425_0,refused,('0x62b244c0000000000000000000000000000000000000000000000000000000000000000000000000000000000000000000000000000000000000,,6g5ds803,,0,0,0,0,0,0
739,0,PVS 1,pothole_PVS1_frame_003428_0,refused,('0x62b244c0000000000000000000000000000000000000000000000000000000000000000000000000000000000000000000000000000000000000,,6g5ds803,,0,0,0,0,0,0
740,0,PVS 1,pothole_PVS1_frame_003429_0,refused,('0x62b244c0000000000000000000000000000000000000000000000000000000000000000000000000000000000000000000000000000000000000,,6g5ds803,,0,0,0,0,0,0
741,0,PVS 1,pothole_PVS1_frame_003430_0,refused,('0x62b244c0000000000000000000000000000000000000000000000000000000000000000000000000000000000000000000000000000000000000,,6g5ds803,,0,0,0,0,0,0
742,0,PVS 1,pothole_PVS1_frame_003432_0,refused,('0x62b244c0000000000000000000000000000000000000000000000000000000000000000000000000000000000000000000000000000000000000,,6g5ds803,,0,0,0,0,0,0
743,0,PVS 1,pothole_PVS1_frame_003433_0,refused,('0x62b244c0000000000000000000000000000000000000000000000000000000000000000000000000000000000000000000000000000000000000,,6g5ds803,,0,0,0,0,0,0
744,0,PVS 1,pothole_PVS1_frame_003434_0,refused,('0x62b244c0000000000000000000000000000000000000000000000000000000000000000000000000000000000000000000000000000000000000,,6g5ds806,,0,0,0,0,0,0
745,0,PVS 1,pothole_PVS1_frame_003441_0,refused,('0x62b244c0000000000000000000000000000000000000000000000000000000000000000000000000000000000000000000000000000000000000,,6g5ds806,,0,0,0,0,0,0
746,0,PVS 1,pothole_PVS1_frame_003446_0,refused,('0x62b244c0000000000000000000000000000000000000000000000000000000000000000000000000000000000000000000000000000000000000,,6g5ds806,,0,0,0,0,0,0
747,0,PVS 1,pothole_PVS1_frame_003448_0,refused,('0x62b244c0000000000000000000000000000000000000000000000000000000000000000000000000000000000000000000000000000000000000,,6g5ds806,,0,0,0,0,0,0
748,0,PVS 1,pothole_PVS1_frame_003460_0,refused,('0x62b244c0000000000000000000000000000000000000000000000000000000000000000000000000000000000000000000000000000000000000,,6g5ds807,,0,0,0,0,0,0
749,0,PVS 1,pothole_PVS1_frame_003461_0,refused,('0x62b244c0000000000000000000000000000000000000000000000000000000000000000000000000000000000000000000000000000000000000,,6g5ds807,,0,0,0,0,0,0
750,0,PVS 1,pothole_PVS1_frame_003464_0,refused,('0x62b244c0000000000000000000000000000000000000000000000000000000000000000000000000000000000000000000000000000000000000,,6g5ds807,,0,0,0,0,0,0
751,0,PVS 1,pothole_PVS1_frame_003478_0,refused,('0x62b244c0000000000000000000000000000000000000000000000000000000000000000000000000000000000000000000000000000000000000,,6g5ds80h,,0,0,0,0,0,0
752,0,PVS 1,pothole_PVS1_frame_003499_0,refused,('0x62b244c0000000000000000000000000000000000000000000000000000000000000000000000000000000000000000000000000000000000000,,6g5ds80p,,0,0,0,0,0,0
753,0,PVS 1,pothole_PVS1_frame_003585_0,refused,('0x62b244c0000000000000000000000000000000000000000000000000000000000000000000000000000000000000000000000000000000000000,,6g5ds82h,,0,0,0,0,0,0
754,0,PVS 1,pothole_PVS1_frame_003608_0,refused,('0x62b244c0000000000000000000000000000000000000000000000000000000000000000000000000000000000000000000000000000000000000,,6g5ds82k,,0,0,0,0,0,0
755,0,PVS 1,pothole_PVS1_frame_003610_0,refused,('0x62b244c0000000000000000000000000000000000000000000000000000000000000000000000000000000000000000000000000000000000000,,6g5ds82k,,0,0,0,0,0,0
756,0,PVS 1,pothole_PVS1_frame_003613_0,refused,('0x62b244c0000000000000000000000000000000000000000000000000000000000000000000000000000000000000000000000000000000000000,,6g5ds82m,,0,0,0,0,0,0
757,0,PVS 1,pothole_PVS1_frame_003618_0,refused,('0x62b244c0000000000000000000000000000000000000000000000000000000000000000000000000000000000000000000000000000000000000,,6g5ds82t,,0,0,0,0,0,0
758,0,PVS 1,pothole_PVS1_frame_003629_0,refused,('0x62b244c0000000000000000000000000000000000000000000000000000000000000000000000000000000000000000000000000000000000000,,6g5ds82t,,0,0,0,0,0,0
759,0,PVS 1,pothole_PVS1_frame_003631_0,refused,('0x62b244c0000000000000000000000000000000000000000000000000000000000000000000000000000000000000000000000000000000000000,,6g5ds82t,,0,0,0,0,0,0
760,0,PVS 1,pothole_PVS1_frame_003635_0,refused,('0x62b244c0000000000000000000000000000000000000000000000000000000000000000000000000000000000000000000000000000000000000,,6g5ds82t,,0,0,0,0,0,0
761,0,PVS 1,pothole_PVS1_frame_003637_0,refused,('0x62b244c0000000000000000000000000000000000000000000000000000000000000000000000000000000000000000000000000000000000000,,6g5ds82t,,0,0,0,0,0,0
762,0,PVS 1,pothole_PVS1_frame_003642_0,refused,('0x62b244c0000000000000000000000000000000000000000000000000000000000000000000000000000000000000000000000000000000000000,,6g5ds82v,,0,0,0,0,0,0
763,0,PVS 1,pothole_PVS1_frame_003643_0,refused,('0x62b244c0000000000000000000000000000000000000000000000000000000000000000000000000000000000000000000000000000000000000,,6g5ds82v,,0,0,0,0,0,0
764,0,PVS 1,pothole_PVS1_frame_003688_0,refused,('0x62b244c0000000000000000000000000000000000000000000000000000000000000000000000000000000000000000000000000000000000000,,6g5ds892,,0,0,0,0,0,0
765,0,PVS 1,pothole_PVS1_frame_003689_0,refused,('0x62b244c0000000000000000000000000000000000000000000000000000000000000000000000000000000000000000000000000000000000000,,6g5ds892,,0,0,0,0,0,0
766,0,PVS 1,pothole_PVS1_frame_003690_0,refused,('0x62b244c0000000000000000000000000000000000000000000000000000000000000000000000000000000000000000000000000000000000000,,6g5ds898,,0,0,0,0,0,0
767,0,PVS 1,pothole_PVS1_frame_003696_0,refused,('0x62b244c0000000000000000000000000000000000000000000000000000000000000000000000000000000000000000000000000000000000000,,6g5ds898,,0,0,0,0,0,0
768,0,PVS 1,pothole_PVS1_frame_003698_0,refused,('0x62b244c0000000000000000000000000000000000000000000000000000000000000000000000000000000000000000000000000000000000000,,6g5ds899,,0,0,0,0,0,0
769,0,PVS 1,pothole_PVS1_frame_003780_0,refused,('0x62b244c0000000000000000000000000000000000000000000000000000000000000000000000000000000000000000000000000000000000000,,6g5ds8dt,,0,0,0,0,0,0
770,0,PVS 1,pothole_PVS1_frame_003832_0,refused,('0x62b244c0000000000000000000000000000000000000000000000000000000000000000000000000000000000000000000000000000000000000,,6g5ds8df,,0,0,0,0,0,0
771,0,PVS 1,pothole_PVS1_frame_003894_0,refused,('0x62b244c0000000000000000000000000000000000000000000000000000000000000000000000000000000000000000000000000000000000000,,6g5ds87n,,0,0,0,0,0,0
772,0,PVS 1,pothole_PVS1_frame_003907_0,refused,('0x62b244c0000000000000000000000000000000000000000000000000000000000000000000000000000000000000000000000000000000000000,,6g5ds87m,,0,0,0,0,0,0
773,0,PVS 1,pothole_PVS1_frame_003908_0,refused,('0x62b244c0000000000000000000000000000000000000000000000000000000000000000000000000000000000000000000000000000000000000,,6g5ds87m,,0,0,0,0,0,0
774,0,PVS 1,pothole_PVS1_frame_003909_0,refused,('0x62b244c0000000000000000000000000000000000000000000000000000000000000000000000000000000000000000000000000000000000000,,6g5ds87m,,0,0,0,0,0,0
775,0,PVS 1,pothole_PVS1_frame_003957_0,refused,('0x62b244c0000000000000000000000000000000000000000000000000000000000000000000000000000000000000000000000000000000000000,,6g5ds879,,0,0,0,0,0,0
776,0,PVS 1,pothole_PVS1_frame_004030_0,refused,('0x62b244c0000000000000000000000000000000000000000000000000000000000000000000000000000000000000000000000000000000000000,,6g5ds85v,,0,0,0,0,0,0
777,0,PVS 1,pothole_PVS1_frame_004036_0,refused,('0x62b244c0000000000000000000000000000000000000000000000000000000000000000000000000000000000000000000000000000000000000,,6g5ds8hj,,0,0,0,0,0,0
778,0,PVS 1,pothole_PVS1_frame_004037_0,refused,('0x62b244c0000000000000000000000000000000000000000000000000000000000000000000000000000000000000000000000000000000000000,,6g5ds8hj,,0,0,0,0,0,0
779,0,PVS 1,pothole_PVS1_frame_004052_0,refused,('0x62b244c0000000000000000000000000000000000000000000000000000000000000000000000000000000000000000000000000000000000000,,6g5ds8hh,,0,0,0,0,0,0
780,0,PVS 1,pothole_PVS1_frame_004053_0,refused,('0x62b244c0000000000000000000000000000000000000000000000000000000000000000000000000000000000000000000000000000000000000,,6g5ds8hh,,0,0,0,0,0,0
781,0,PVS 1,pothole_PVS1_frame_004075_0,refused,('0x62b244c0000000000000000000000000000000000000000000000000000000000000000000000000000000000000000000000000000000000000,,6g5ds8h7,,0,0,0,0,0,0
782,0,PVS 1,pothole_PVS1_frame_004077_0,refused,('0x62b244c0000000000000000000000000000000000000000000000000000000000000000000000000000000000000000000000000000000000000,,6g5ds8h7,,0,0,0,0,0,0
783,0,PVS 1,pothole_PVS1_frame_004078_0,refused,('0x62b244c0000000000000000000000000000000000000000000000000000000000000000000000000000000000000000000000000000000000000,,6g5ds8h7,,0,0,0,0,0,0
784,0,PVS 1,pothole_PVS1_frame_004078_1,refused,('0x62b244c0000000000000000000000000000000000000000000000000000000000000000000000000000000000000000000000000000000000000,,6g5ds8h7,,0,0,0,0,0,0
785,0,PVS 1,pothole_PVS1_frame_004079_0,refused,('0x62b244c0000000000000000000000000000000000000000000000000000000000000000000000000000000000000000000000000000000000000,,6g5ds8h7,,0,0,0,0,0,0
786,0,PVS 1,pothole_PVS1_frame_004079_1,refused,('0x62b244c0000000000000000000000000000000000000000000000000000000000000000000000000000000000000000000000000000000000000,,6g5ds8h7,,0,0,0,0,0,0
787,0,PVS 1,pothole_PVS1_frame_004080_0,refused,('0x62b244c0000000000000000000000000000000000000000000000000000000000000000000000000000000000000000000000000000000000000,,6g5ds8h7,,0,0,0,0,0,0
788,0,PVS 1,pothole_PVS1_frame_004081_0,refused,('0x62b244c0000000000000000000000000000000000000000000000000000000000000000000000000000000000000000000000000000000000000,,6g5ds8h7,,0,0,0,0,0,0
789,0,PVS 1,pothole_PVS1_frame_004083_0,refused,('0x62b244c0000000000000000000000000000000000000000000000000000000000000000000000000000000000000000000000000000000000000,,6g5ds8h7,,0,0,0,0,0,0
790,0,PVS 1,pothole_PVS1_frame_004083_1,refused,('0x62b244c0000000000000000000000000000000000000000000000000000000000000000000000000000000000000000000000000000000000000,,6g5ds8h7,,0,0,0,0,0,0
791,0,PVS 1,pothole_PVS1_frame_004084_0,refused,('0x62b244c0000000000000000000000000000000000000000000000000000000000000000000000000000000000000000000000000000000000000,,6g5ds8h7,,0,0,0,0,0,0
792,0,PVS 1,pothole_PVS1_frame_004084_1,refused,('0x62b244c0000000000000000000000000000000000000000000000000000000000000000000000000000000000000000000000000000000000000,,6g5ds8h7,,0,0,0,0,0,0
793,0,PVS 1,pothole_PVS1_frame_004086_0,refused,('0x62b244c0000000000000000000000000000000000000000000000000000000000000000000000000000000000000000000000000000000000000,,6g5ds8h7,,0,0,0,0,0,0
794,0,PVS 1,pothole_PVS1_frame_004087_0,refused,('0x62b244c0000000000000000000000000000000000000000000000000000000000000000000000000000000000000000000000000000000000000,,6g5ds8h7,,0,0,0,0,0,0
795,0,PVS 1,pothole_PVS1_frame_004088_0,refused,('0x62b244c0000000000000000000000000000000000000000000000000000000000000000000000000000000000000000000000000000000000000,,6g5ds8h7,,0,0,0,0,0,0
796,0,PVS 1,pothole_PVS1_frame_004089_0,refused,('0x62b244c0000000000000000000000000000000000000000000000000000000000000000000000000000000000000000000000000000000000000,,6g5ds8h7,,0,0,0,0,0,0
797,0,PVS 1,pothole_PVS1_frame_004090_0,refused,('0x62b244c0000000000000000000000000000000000000000000000000000000000000000000000000000000000000000000000000000000000000,,6g5ds8h7,,0,0,0,0,0,0
798,0,PVS 1,pothole_PVS1_frame_004091_0,refused,('0x62b244c0000000000000000000000000000000000000000000000000000000000000000000000000000000000000000000000000000000000000,,6g5ds8h7,,0,0,0,0,0,0
799,0,PVS 1,pothole_PVS1_frame_004091_1,refused,('0x62b244c0000000000000000000000000000000000000000000000000000000000000000000000000000000000000000000000000000000000000,,6g5ds8h7,,0,0,0,0,0,0
800,0,PVS 1,pothole_PVS1_frame_004092_0,refused,('0x62b244c0000000000000000000000000000000000000000000000000000000000000000000000000000000000000000000000000000000000000,,6g5ds8h7,,0,0,0,0,0,0
801,0,PVS 1,pothole_PVS1_frame_004093_0,refused,('0x62b244c0000000000000000000000000000000000000000000000000000000000000000000000000000000000000000000000000000000000000,,6g5ds8h7,,0,0,0,0,0,0
802,0,PVS 1,pothole_PVS1_frame_004093_1,refused,('0x62b244c0000000000000000000000000000000000000000000000000000000000000000000000000000000000000000000000000000000000000,,6g5ds8h7,,0,0,0,0,0,0
803,0,PVS 1,pothole_PVS1_frame_004095_0,refused,('0x62b244c0000000000000000000000000000000000000000000000000000000000000000000000000000000000000000000000000000000000000,,6g5ds8h7,,0,0,0,0,0,0
804,0,PVS 1,pothole_PVS1_frame_004096_0,refused,('0x62b244c0000000000000000000000000000000000000000000000000000000000000000000000000000000000000000000000000000000000000,,6g5ds8h7,,0,0,0,0,0,0
805,0,PVS 1,pothole_PVS1_frame_004096_1,refused,('0x62b244c0000000000000000000000000000000000000000000000000000000000000000000000000000000000000000000000000000000000000,,6g5ds8h7,,0,0,0,0,0,0
806,0,PVS 1,pothole_PVS1_frame_004097_0,refused,('0x62b244c0000000000000000000000000000000000000000000000000000000000000000000000000000000000000000000000000000000000000,,6g5ds8h7,,0,0,0,0,0,0
807,0,PVS 1,pothole_PVS1_frame_004097_1,refused,('0x62b244c0000000000000000000000000000000000000000000000000000000000000000000000000000000000000000000000000000000000000,,6g5ds8h7,,0,0,0,0,0,0
808,0,PVS 1,pothole_PVS1_frame_004098_0,refused,('0x62b244c0000000000000000000000000000000000000000000000000000000000000000000000000000000000000000000000000000000000000,,6g5ds8h7,,0,0,0,0,0,0
809,0,PVS 1,pothole_PVS1_frame_004099_0,refused,('0x62b244c0000000000000000000000000000000000000000000000000000000000000000000000000000000000000000000000000000000000000,,6g5ds8h7,,0,0,0,0,0,0
810,0,PVS 1,pothole_PVS1_frame_004100_0,refused,('0x62b244c0000000000000000000000000000000000000000000000000000000000000000000000000000000000000000000000000000000000000,,6g5ds8h7,,0,0,0,0,0,0
811,0,PVS 1,pothole_PVS1_frame_004102_0,refused,('0x62b244c0000000000000000000000000000000000000000000000000000000000000000000000000000000000000000000000000000000000000,,6g5ds8h7,,0,0,0,0,0,0
812,0,PVS 1,pothole_PVS1_frame_004105_0,refused,('0x62b244c0000000000000000000000000000000000000000000000000000000000000000000000000000000000000000000000000000000000000,,6g5ds8h6,,0,0,0,0,0,0
813,0,PVS 1,pothole_PVS1_frame_004106_0,refused,('0x62b244c0000000000000000000000000000000000000000000000000000000000000000000000000000000000000000000000000000000000000,,6g5ds8h6,,0,0,0,0,0,0
814,0,PVS 1,pothole_PVS1_frame_004111_0,refused,('0x62b244c0000000000000000000000000000000000000000000000000000000000000000000000000000000000000000000000000000000000000,,6g5ds8h6,,0,0,0,0,0,0
815,0,PVS 1,pothole_PVS1_frame_004112_0,refused,('0x62b244c0000000000000000000000000000000000000000000000000000000000000000000000000000000000000000000000000000000000000,,6g5ds8h6,,0,0,0,0,0,0
816,0,PVS 1,pothole_PVS1_frame_004113_0,refused,('0x62b244c0000000000000000000000000000000000000000000000000000000000000000000000000000000000000000000000000000000000000,,6g5ds8h6,,0,0,0,0,0,0
817,0,PVS 1,pothole_PVS1_frame_004124_0,refused,('0x62b244c0000000000000000000000000000000000000000000000000000000000000000000000000000000000000000000000000000000000000,,6g5ds8h6,,0,0,0,0,0,0
818,0,PVS 1,pothole_PVS1_frame_004128_0,refused,('0x62b244c0000000000000000000000000000000000000000000000000000000000000000000000000000000000000000000000000000000000000,,6g5ds8h6,,0,0,0,0,0,0
819,0,PVS 1,pothole_PVS1_frame_004129_0,refused,('0x62b244c0000000000000000000000000000000000000000000000000000000000000000000000000000000000000000000000000000000000000,,6g5ds8h6,,0,0,0,0,0,0
820,0,PVS 1,pothole_PVS1_frame_004134_0,refused,('0x62b244c0000000000000000000000000000000000000000000000000000000000000000000000000000000000000000000000000000000000000,,6g5ds8h3,,0,0,0,0,0,0
821,0,PVS 1,pothole_PVS1_frame_004137_0,refused,('0x62b244c0000000000000000000000000000000000000000000000000000000000000000000000000000000000000000000000000000000000000,,6g5ds8h3,,0,0,0,0,0,0
822,0,PVS 1,pothole_PVS1_frame_004139_0,refused,('0x62b244c0000000000000000000000000000000000000000000000000000000000000000000000000000000000000000000000000000000000000,,6g5ds8h1,,0,0,0,0,0,0
823,0,PVS 1,pothole_PVS1_frame_004146_0,refused,('0x62b244c0000000000000000000000000000000000000000000000000000000000000000000000000000000000000000000000000000000000000,,6g5ds8h1,,0,0,0,0,0,0
824,0,PVS 1,pothole_PVS1_frame_004148_0,refused,('0x62b244c0000000000000000000000000000000000000000000000000000000000000000000000000000000000000000000000000000000000000,,6g5ds8h1,,0,0,0,0,0,0
825,0,PVS 1,pothole_PVS1_frame_004155_0,refused,('0x62b244c0000000000000000000000000000000000000000000000000000000000000000000000000000000000000000000000000000000000000,,6g5ds8h0,,0,0,0,0,0,0
826,0,PVS 1,pothole_PVS1_frame_004160_0,refused,('0x62b244c0000000000000000000000000000000000000000000000000000000000000000000000000000000000000000000000000000000000000,,6g5ds8h0,,0,0,0,0,0,0
827,0,PVS 1,pothole_PVS1_frame_004170_0,refused,('0x62b244c0000000000000000000000000000000000000000000000000000000000000000000000000000000000000000000000000000000000000,,6g5ds8h0,,0,0,0,0,0,0
828,0,PVS 1,pothole_PVS1_frame_004171_0,refused,('0x62b244c0000000000000000000000000000000000000000000000000000000000000000000000000000000000000000000000000000000000000,,6g5ds8h0,,0,0,0,0,0,0
829,0,PVS 1,pothole_PVS1_frame_004172_0,refused,('0x62b244c0000000000000000000000000000000000000000000000000000000000000000000000000000000000000000000000000000000000000,,6g5dkxgz,,0,0,0,0,0,0
830,0,PVS 1,pothole_PVS1_frame_004172_1,refused,('0x62b244c0000000000000000000000000000000000000000000000000000000000000000000000000000000000000000000000000000000000000,,6g5dkxgz,,0,0,0,0,0,0
831,0,PVS 1,pothole_PVS1_frame_004173_0,refused,('0x62b244c0000000000000000000000000000000000000000000000000000000000000000000000000000000000000000000000000000000000000,,6g5dkxgz,,0,0,0,0,0,0
832,0,PVS 1,pothole_PVS1_frame_004174_0,refused,('0x62b244c0000000000000000000000000000000000000000000000000000000000000000000000000000000000000000000000000000000000000,,6g5dkxgz,,0,0,0,0,0,0
833,0,PVS 1,pothole_PVS1_frame_004179_0,refused,('0x62b244c0000000000000000000000000000000000000000000000000000000000000000000000000000000000000000000000000000000000000,,6g5dkxgz,,0,0,0,0,0,0
834,0,PVS 1,pothole_PVS1_frame_004180_0,refused,('0x62b244c0000000000000000000000000000000000000000000000000000000000000000000000000000000000000000000000000000000000000,,6g5dkxgz,,0,0,0,0,0,0
835,0,PVS 1,pothole_PVS1_frame_004185_0,refused,('0x62b244c0000000000000000000000000000000000000000000000000000000000000000000000000000000000000000000000000000000000000,,6g5dkxgy,,0,0,0,0,0,0
836,0,PVS 1,pothole_PVS1_frame_004188_0,refused,('0x62b244c0000000000000000000000000000000000000000000000000000000000000000000000000000000000000000000000000000000000000,,6g5dkxgy,,0,0,0,0,0,0
837,0,PVS 1,pothole_PVS1_frame_004190_0,refused,('0x62b244c0000000000000000000000000000000000000000000000000000000000000000000000000000000000000000000000000000000000000,,6g5dkxgy,,0,0,0,0,0,0
838,0,PVS 1,pothole_PVS1_frame_004203_0,refused,('0x62b244c0000000000000000000000000000000000000000000000000000000000000000000000000000000000000000000000000000000000000,,6g5dkxgw,,0,0,0,0,0,0
839,0,PVS 1,pothole_PVS1_frame_004208_0,refused,('0x62b244c0000000000000000000000000000000000000000000000000000000000000000000000000000000000000000000000000000000000000,,6g5dkxgw,,0,0,0,0,0,0
840,0,PVS 1,pothole_PVS1_frame_004211_0,refused,('0x62b244c0000000000000000000000000000000000000000000000000000000000000000000000000000000000000000000000000000000000000,,6g5dkxgw,,0,0,0,0,0,0
841,0,PVS 1,pothole_PVS1_frame_004218_0,refused,('0x62b244c0000000000000000000000000000000000000000000000000000000000000000000000000000000000000000000000000000000000000,,6g5dkxgw,,0,0,0,0,0,0
842,0,PVS 1,pothole_PVS1_frame_004219_0,refused,('0x62b244c0000000000000000000000000000000000000000000000000000000000000000000000000000000000000000000000000000000000000,,6g5dkxgw,,0,0,0,0,0,0
843,0,PVS 1,pothole_PVS1_frame_004221_0,refused,('0x62b244c0000000000000000000000000000000000000000000000000000000000000000000000000000000000000000000000000000000000000,,6g5dkxgt,,0,0,0,0,0,0
844,0,PVS 1,pothole_PVS1_frame_004222_0,refused,('0x62b244c0000000000000000000000000000000000000000000000000000000000000000000000000000000000000000000000000000000000000,,6g5dkxgt,,0,0,0,0,0,0
845,0,PVS 1,pothole_PVS1_frame_004224_0,refused,('0x62b244c0000000000000000000000000000000000000000000000000000000000000000000000000000000000000000000000000000000000000,,6g5dkxgt,,0,0,0,0,0,0
846,0,PVS 1,pothole_PVS1_frame_004227_0,refused,('0x62b244c0000000000000000000000000000000000000000000000000000000000000000000000000000000000000000000000000000000000000,,6g5dkxgt,,0,0,0,0,0,0
847,0,PVS 1,pothole_PVS1_frame_004232_0,refused,('0x62b244c0000000000000000000000000000000000000000000000000000000000000000000000000000000000000000000000000000000000000,,6g5dkxgt,,0,0,0,0,0,0
848,0,PVS 1,pothole_PVS1_frame_004243_0,refused,('0x62b244c0000000000000000000000000000000000000000000000000000000000000000000000000000000000000000000000000000000000000,,6g5dkxgu,,0,0,0,0,0,0
849,0,PVS 1,pothole_PVS1_frame_004246_0,refused,('0x62b244c0000000000000000000000000000000000000000000000000000000000000000000000000000000000000000000000000000000000000,,6g5dkxgu,,0,0,0,0,0,0
850,0,PVS 1,pothole_PVS1_frame_004265_0,refused,('0x62b244c0000000000000000000000000000000000000000000000000000000000000000000000000000000000000000000000000000000000000,,6g5dkxgc,,0,0,0,0,0,0
851,0,PVS 1,pothole_PVS1_frame_004271_0,refused,('0x62b244c0000000000000000000000000000000000000000000000000000000000000000000000000000000000000000000000000000000000000,,6g5dkxgc,,0,0,0,0,0,0
852,0,PVS 1,pothole_PVS1_frame_004273_0,refused,('0x62b244c0000000000000000000000000000000000000000000000000000000000000000000000000000000000000000000000000000000000000,,6g5dkxgb,,0,0,0,0,0,0
853,0,PVS 1,pothole_PVS1_frame_004277_0,refused,('0x62b244c0000000000000000000000000000000000000000000000000000000000000000000000000000000000000000000000000000000000000,,6g5dkxgb,,0,0,0,0,0,0
854,0,PVS 1,pothole_PVS1_frame_004278_0,refused,('0x62b244c0000000000000000000000000000000000000000000000000000000000000000000000000000000000000000000000000000000000000,,6g5dkxgb,,0,0,0,0,0,0
855,0,PVS 1,pothole_PVS1_frame_004280_0,refused,('0x62b244c0000000000000000000000000000000000000000000000000000000000000000000000000000000000000000000000000000000000000,,6g5dkxgb,,0,0,0,0,0,0
856,0,PVS 1,pothole_PVS1_frame_004281_0,refused,('0x62b244c0000000000000000000000000000000000000000000000000000000000000000000000000000000000000000000000000000000000000,,6g5dkxgb,,0,0,0,0,0,0
857,0,PVS 1,pothole_PVS1_frame_004282_0,refused,('0x62b244c0000000000000000000000000000000000000000000000000000000000000000000000000000000000000000000000000000000000000,,6g5dkxgb,,0,0,0,0,0,0
858,0,PVS 1,pothole_PVS1_frame_004283_0,refused,('0x62b244c0000000000000000000000000000000000000000000000000000000000000000000000000000000000000000000000000000000000000,,6g5dkxgb,,0,0,0,0,0,0
859,0,PVS 1,pothole_PVS1_frame_004285_0,refused,('0x62b244c0000000000000000000000000000000000000000000000000000000000000000000000000000000000000000000000000000000000000,,6g5dkxez,,0,0,0,0,0,0
860,0,PVS 1,pothole_PVS1_frame_004287_0,refused,('0x62b244c0000000000000000000000000000000000000000000000000000000000000000000000000000000000000000000000000000000000000,,6g5dkxez,,0,0,0,0,0,0
861,0,PVS 1,pothole_PVS1_frame_004290_0,refused,('0x62b244c0000000000000000000000000000000000000000000000000000000000000000000000000000000000000000000000000000000000000,,6g5dkxez,,0,0,0,0,0,0
862,0,PVS 1,pothole_PVS1_frame_004291_0,refused,('0x62b244c0000000000000000000000000000000000000000000000000000000000000000000000000000000000000000000000000000000000000,,6g5dkxez,,0,0,0,0,0,0
863,0,PVS 1,pothole_PVS1_frame_004292_0,refused,('0x62b244c0000000000000000000000000000000000000000000000000000000000000000000000000000000000000000000000000000000000000,,6g5dkxsp,,0,0,0,0,0,0
864,0,PVS 1,pothole_PVS1_frame_004298_0,refused,('0x62b244c0000000000000000000000000000000000000000000000000000000000000000000000000000000000000000000000000000000000000,,6g5dkxsn,,0,0,0,0,0,0
865,0,PVS 1,pothole_PVS1_frame_004299_0,refused,('0x62b244c0000000000000000000000000000000000000000000000000000000000000000000000000000000000000000000000000000000000000,,6g5dkxsn,,0,0,0,0,0,0
866,0,PVS 1,pothole_PVS1_frame_004304_0,refused,('0x62b244c0000000000000000000000000000000000000000000000000000000000000000000000000000000000000000000000000000000000000,,6g5dkxsn,,0,0,0,0,0,0
867,0,PVS 1,pothole_PVS1_frame_004306_0,refused,('0x62b244c0000000000000000000000000000000000000000000000000000000000000000000000000000000000000000000000000000000000000,,6g5dkxsn,,0,0,0,0,0,0
868,0,PVS 1,pothole_PVS1_frame_004327_0,refused,('0x62b244c0000000000000000000000000000000000000000000000000000000000000000000000000000000000000000000000000000000000000,,6g5dkxsw,,0,0,0,0,0,0
869,0,PVS 1,pothole_PVS1_frame_004334_0,refused,('0x62b244c0000000000000000000000000000000000000000000000000000000000000000000000000000000000000000000000000000000000000,,6g5dkxsw,,0,0,0,0,0,0
870,0,PVS 1,pothole_PVS1_frame_004337_0,refused,('0x62b244c0000000000000000000000000000000000000000000000000000000000000000000000000000000000000000000000000000000000000,,6g5dkxsy,,0,0,0,0,0,0
871,0,PVS 1,pothole_PVS1_frame_004339_0,refused,('0x62b244c0000000000000000000000000000000000000000000000000000000000000000000000000000000000000000000000000000000000000,,6g5dkxsy,,0,0,0,0,0,0
872,0,PVS 1,pothole_PVS1_frame_004340_0,refused,('0x62b244c0000000000000000000000000000000000000000000000000000000000000000000000000000000000000000000000000000000000000,,6g5dkxsy,,0,0,0,0,0,0
873,0,PVS 1,pothole_PVS1_frame_004342_0,refused,('0x62b244c0000000000000000000000000000000000000000000000000000000000000000000000000000000000000000000000000000000000000,,6g5dkxsy,,0,0,0,0,0,0
874,0,PVS 1,pothole_PVS1_frame_004344_0,refused,('0x62b244c0000000000000000000000000000000000000000000000000000000000000000000000000000000000000000000000000000000000000,,6g5dkxsy,,0,0,0,0,0,0
875,0,PVS 1,pothole_PVS1_frame_004345_0,refused,('0x62b244c0000000000000000000000000000000000000000000000000000000000000000000000000000000000000000000000000000000000000,,6g5dkxsy,,0,0,0,0,0,0
876,0,PVS 1,pothole_PVS1_frame_004346_0,refused,('0x62b244c0000000000000000000000000000000000000000000000000000000000000000000000000000000000000000000000000000000000000,,6g5dkxsy,,0,0,0,0,0,0
877,0,PVS 1,pothole_PVS1_frame_004347_0,refused,('0x62b244c0000000000000000000000000000000000000000000000000000000000000000000000000000000000000000000000000000000000000,,6g5dkxsy,,0,0,0,0,0,0
878,0,PVS 1,pothole_PVS1_frame_004348_0,refused,('0x62b244c0000000000000000000000000000000000000000000000000000000000000000000000000000000000000000000000000000000000000,,6g5dkxsy,,0,0,0,0,0,0
879,0,PVS 1,pothole_PVS1_frame_004349_0,refused,('0x62b244c0000000000000000000000000000000000000000000000000000000000000000000000000000000000000000000000000000000000000,,6g5dkxtp,,0,0,0,0,0,0
880,0,PVS 1,pothole_PVS1_frame_004350_0,refused,('0x62b244c0000000000000000000000000000000000000000000000000000000000000000000000000000000000000000000000000000000000000,,6g5dkxtp,,0,0,0,0,0,0
881,0,PVS 1,pothole_PVS1_frame_004350_1,refused,('0x62b244c0000000000000000000000000000000000000000000000000000000000000000000000000000000000000000000000000000000000000,,6g5dkxtp,,0,0,0,0,0,0
882,0,PVS 1,pothole_PVS1_frame_004351_0,refused,('0x62b244c0000000000000000000000000000000000000000000000000000000000000000000000000000000000000000000000000000000000000,,6g5dkxtp,,0,0,0,0,0,0
883,0,PVS 1,pothole_PVS1_frame_004352_0,refused,('0x62b244c0000000000000000000000000000000000000000000000000000000000000000000000000000000000000000000000000000000000000,,6g5dkxtp,,0,0,0,0,0,0
884,0,PVS 1,pothole_PVS1_frame_004355_0,refused,('0x62b244c0000000000000000000000000000000000000000000000000000000000000000000000000000000000000000000000000000000000000,,6g5dkxtp,,0,0,0,0,0,0
885,0,PVS 1,pothole_PVS1_frame_004356_0,refused,('0x62b244c0000000000000000000000000000000000000000000000000000000000000000000000000000000000000000000000000000000000000,,6g5dkxtp,,0,0,0,0,0,0
886,0,PVS 1,pothole_PVS1_frame_004358_0,refused,('0x62b244c0000000000000000000000000000000000000000000000000000000000000000000000000000000000000000000000000000000000000,,6g5dkxtp,,0,0,0,0,0,0
887,0,PVS 1,pothole_PVS1_frame_004359_0,refused,('0x62b244c0000000000000000000000000000000000000000000000000000000000000000000000000000000000000000000000000000000000000,,6g5dkxtp,,0,0,0,0,0,0
888,0,PVS 1,pothole_PVS1_frame_004360_0,refused,('0x62b244c0000000000000000000000000000000000000000000000000000000000000000000000000000000000000000000000000000000000000,,6g5dkxtp,,0,0,0,0,0,0
889,0,PVS 1,pothole_PVS1_frame_004362_0,refused,('0x62b244c0000000000000000000000000000000000000000000000000000000000000000000000000000000000000000000000000000000000000,,6g5dkxtp,,0,0,0,0,0,0
890,0,PVS 1,pothole_PVS1_frame_004365_0,refused,('0x62b244c0000000000000000000000000000000000000000000000000000000000000000000000000000000000000000000000000000000000000,,6g5dkxtr,,0,0,0,0,0,0
891,0,PVS 1,pothole_PVS1_frame_004366_0,refused,('0x62b244c0000000000000000000000000000000000000000000000000000000000000000000000000000000000000000000000000000000000000,,6g5dkxtr,,0,0,0,0,0,0
892,0,PVS 1,pothole_PVS1_frame_004368_0,refused,('0x62b244c0000000000000000000000000000000000000000000000000000000000000000000000000000000000000000000000000000000000000,,6g5dkxtr,,0,0,0,0,0,0
893,0,PVS 1,pothole_PVS1_frame_004371_0,refused,('0x62b244c0000000000000000000000000000000000000000000000000000000000000000000000000000000000000000000000000000000000000,,6g5dkxtr,,0,0,0,0,0,0
894,0,PVS 1,pothole_PVS1_frame_004373_0,refused,('0x62b244c0000000000000000000000000000000000000000000000000000000000000000000000000000000000000000000000000000000000000,,6g5dkxtr,,0,0,0,0,0,0
895,0,PVS 1,pothole_PVS1_frame_004375_0,refused,('0x62b244c0000000000000000000000000000000000000000000000000000000000000000000000000000000000000000000000000000000000000,,6g5dkxtr,,0,0,0,0,0,0
896,0,PVS 1,pothole_PVS1_frame_004377_0,refused,('0x62b244c0000000000000000000000000000000000000000000000000000000000000000000000000000000000000000000000000000000000000,,6g5dkxtr,,0,0,0,0,0,0
897,0,PVS 1,pothole_PVS1_frame_004378_0,refused,('0x62b244c0000000000000000000000000000000000000000000000000000000000000000000000000000000000000000000000000000000000000,,6g5dkxtr,,0,0,0,0,0,0
898,0,PVS 1,pothole_PVS1_frame_004384_0,refused,('0x62b244c0000000000000000000000000000000000000000000000000000000000000000000000000000000000000000000000000000000000000,,6g5dkxtw,,0,0,0,0,0,0
899,0,PVS 1,pothole_PVS1_frame_004386_0,refused,('0x62b244c0000000000000000000000000000000000000000000000000000000000000000000000000000000000000000000000000000000000000,,6g5dkxtw,,0,0,0,0,0,0
900,0,PVS 1,pothole_PVS1_frame_004387_0,refused,('0x62b244c0000000000000000000000000000000000000000000000000000000000000000000000000000000000000000000000000000000000000,,6g5dkxtw,,0,0,0,0,0,0
901,0,PVS 1,pothole_PVS1_frame_004388_0,refused,('0x62b244c0000000000000000000000000000000000000000000000000000000000000000000000000000000000000000000000000000000000000,,6g5dkxtw,,0,0,0,0,0,0
902,0,PVS 1,pothole_PVS1_frame_004389_0,refused,('0x62b244c0000000000000000000000000000000000000000000000000000000000000000000000000000000000000000000000000000000000000,,6g5dkxtw,,0,0,0,0,0,0
903,0,PVS 1,pothole_PVS1_frame_004390_0,refused,('0x62b244c0000000000000000000000000000000000000000000000000000000000000000000000000000000000000000000000000000000000000,,6g5dkxtw,,0,0,0,0,0,0
904,0,PVS 1,pothole_PVS1_frame_004391_0,refused,('0x62b244c0000000000000000000000000000000000000000000000000000000000000000000000000000000000000000000000000000000000000,,6g5dkxtw,,0,0,0,0,0,0
905,0,PVS 1,pothole_PVS1_frame_004393_0,refused,('0x62b244c0000000000000000000000000000000000000000000000000000000000000000000000000000000000000000000000000000000000000,,6g5dkxtw,,0,0,0,0,0,0
906,0,PVS 1,pothole_PVS1_frame_004394_0,refused,('0x62b244c0000000000000000000000000000000000000000000000000000000000000000000000000000000000000000000000000000000000000,,6g5dkxtv,,0,0,0,0,0,0
907,0,PVS 1,pothole_PVS1_frame_004395_0,refused,('0x62b244c0000000000000000000000000000000000000000000000000000000000000000000000000000000000000000000000000000000000000,,6g5dkxtv,,0,0,0,0,0,0
908,0,PVS 1,pothole_PVS1_frame_004397_0,refused,('0x62b244c0000000000000000000000000000000000000000000000000000000000000000000000000000000000000000000000000000000000000,,6g5dkxtv,,0,0,0,0,0,0
909,0,PVS 1,pothole_PVS1_frame_004398_0,refused,('0x62b244c0000000000000000000000000000000000000000000000000000000000000000000000000000000000000000000000000000000000000,,6g5dkxtv,,0,0,0,0,0,0
910,0,PVS 1,pothole_PVS1_frame_004399_0,refused,('0x62b244c0000000000000000000000000000000000000000000000000000000000000000000000000000000000000000000000000000000000000,,6g5dkxtv,,0,0,0,0,0,0
911,0,PVS 1,pothole_PVS1_frame_004400_0,refused,('0x62b244c0000000000000000000000000000000000000000000000000000000000000000000000000000000000000000000000000000000000000,,6g5dkxtv,,0,0,0,0,0,0
912,0,PVS 1,pothole_PVS1_frame_004410_0,refused,('0x62b244c0000000000000000000000000000000000000000000000000000000000000000000000000000000000000000000000000000000000000,,6g5dkxtu,,0,0,0,0,0,0
913,0,PVS 1,pothole_PVS1_frame_004412_0,refused,('0x62b244c0000000000000000000000000000000000000000000000000000000000000000000000000000000000000000000000000000000000000,,6g5dkxtu,,0,0,0,0,0,0
914,0,PVS 1,pothole_PVS1_frame_004414_0,refused,('0x62b244c0000000000000000000000000000000000000000000000000000000000000000000000000000000000000000000000000000000000000,,6g5dkxwh,,0,0,0,0,0,0
915,0,PVS 1,pothole_PVS1_frame_004416_0,refused,('0x62b244c0000000000000000000000000000000000000000000000000000000000000000000000000000000000000000000000000000000000000,,6g5dkxw5,,0,0,0,0,0,0
916,0,PVS 1,pothole_PVS1_frame_004417_0,refused,('0x62b244c0000000000000000000000000000000000000000000000000000000000000000000000000000000000000000000000000000000000000,,6g5dkxw5,,0,0,0,0,0,0
917,0,PVS 1,pothole_PVS1_frame_004420_0,refused,('0x62b244c0000000000000000000000000000000000000000000000000000000000000000000000000000000000000000000000000000000000000,,6g5dkxw5,,0,0,0,0,0,0
918,0,PVS 1,pothole_PVS1_frame_004423_0,refused,('0x62b244c0000000000000000000000000000000000000000000000000000000000000000000000000000000000000000000000000000000000000,,6g5dkxw5,,0,0,0,0,0,0
919,0,PVS 1,pothole_PVS1_frame_004424_0,refused,('0x62b244c0000000000000000000000000000000000000000000000000000000000000000000000000000000000000000000000000000000000000,,6g5dkxw5,,0,0,0,0,0,0
920,0,PVS 1,pothole_PVS1_frame_004443_0,refused,('0x62b244c0000000000000000000000000000000000000000000000000000000000000000000000000000000000000000000000000000000000000,,6g5dkxw9,,0,0,0,0,0,0
921,0,PVS 1,pothole_PVS1_frame_004457_0,refused,('0x62b244c0000000000000000000000000000000000000000000000000000000000000000000000000000000000000000000000000000000000000,,6g5dkxw8,,0,0,0,0,0,0
922,0,PVS 1,pothole_PVS1_frame_004473_0,refused,('0x62b244c0000000000000000000000000000000000000000000000000000000000000000000000000000000000000000000000000000000000000,,6g5dkxrn,,0,0,0,0,0,0
923,0,PVS 1,pothole_PVS1_frame_004473_1,refused,('0x62b244c0000000000000000000000000000000000000000000000000000000000000000000000000000000000000000000000000000000000000,,6g5dkxrn,,0,0,0,0,0,0
924,0,PVS 1,pothole_PVS1_frame_004475_0,refused,('0x62b244c0000000000000000000000000000000000000000000000000000000000000000000000000000000000000000000000000000000000000,,6g5dkxrn,,0,0,0,0,0,0
925,0,PVS 1,pothole_PVS1_frame_004476_0,refused,('0x62b244c0000000000000000000000000000000000000000000000000000000000000000000000000000000000000000000000000000000000000,,6g5dkxrn,,0,0,0,0,0,0
926,0,PVS 1,pothole_PVS1_frame_004476_1,refused,('0x62b244c0000000000000000000000000000000000000000000000000000000000000000000000000000000000000000000000000000000000000,,6g5dkxrn,,0,0,0,0,0,0
927,0,PVS 1,pothole_PVS1_frame_004477_0,refused,('0x62b244c0000000000000000000000000000000000000000000000000000000000000000000000000000000000000000000000000000000000000,,6g5dkxrn,,0,0,0,0,0,0
928,0,PVS 1,pothole_PVS1_frame_004478_0,refused,('0x62b244c0000000000000000000000000000000000000000000000000000000000000000000000000000000000000000000000000000000000000,,6g5dkxrn,,0,0,0,0,0,0
929,0,PVS 1,pothole_PVS1_frame_004478_1,refused,('0x62b244c0000000000000000000000000000000000000000000000000000000000000000000000000000000000000000000000000000000000000,,6g5dkxrn,,0,0,0,0,0,0
930,0,PVS 1,pothole_PVS1_frame_004479_0,refused,('0x62b244c0000000000000000000000000000000000000000000000000000000000000000000000000000000000000000000000000000000000000,,6g5dkxrn,,0,0,0,0,0,0
931,0,PVS 1,pothole_PVS1_frame_004490_0,refused,('0x62b244c0000000000000000000000000000000000000000000000000000000000000000000000000000000000000000000000000000000000000,,6g5dkxrm,,0,0,0,0,0,0
932,0,PVS 1,pothole_PVS1_frame_004494_0,refused,('0x62b244c0000000000000000000000000000000000000000000000000000000000000000000000000000000000000000000000000000000000000,,6g5dkxrm,,0,0,0,0,0,0
933,0,PVS 1,pothole_PVS1_frame_004496_0,refused,('0x62b244c0000000000000000000000000000000000000000000000000000000000000000000000000000000000000000000000000000000000000,,6g5dkxrm,,0,0,0,0,0,0
934,0,PVS 1,pothole_PVS1_frame_004526_0,refused,('0x62b244c0000000000000000000000000000000000000000000000000000000000000000000000000000000000000000000000000000000000000,,6g5dkxru,,0,0,0,0,0,0
935,0,PVS 1,pothole_PVS1_frame_004530_0,refused,('0x62b244c0000000000000000000000000000000000000000000000000000000000000000000000000000000000000000000000000000000000000,,6g5dkxru,,0,0,0,0,0,0
936,0,PVS 1,pothole_PVS1_frame_004541_0,refused,('0x62b244c0000000000000000000000000000000000000000000000000000000000000000000000000000000000000000000000000000000000000,,6g5dkz2k,,0,0,0,0,0,0
937,0,PVS 1,pothole_PVS1_frame_004648_0,refused,('0x62b244c0000000000000000000000000000000000000000000000000000000000000000000000000000000000000000000000000000000000000,,6g5dkz5v,,0,0,0,0,0,0
938,0,PVS 1,pothole_PVS1_frame_004766_0,refused,('0x62b244c0000000000000000000000000000000000000000000000000000000000000000000000000000000000000000000000000000000000000,,6g5dkymg,,0,0,0,0,0,0
939,0,PVS 1,pothole_PVS1_frame_004767_0,refused,('0x62b244c0000000000000000000000000000000000000000000000000000000000000000000000000000000000000000000000000000000000000,,6g5dkymg,,0,0,0,0,0,0
940,0,PVS 1,pothole_PVS1_frame_004778_0,refused,('0x62b244c0000000000000000000000000000000000000000000000000000000000000000000000000000000000000000000000000000000000000,,6g5dkymb,,0,0,0,0,0,0
941,0,PVS 1,pothole_PVS1_frame_004782_0,refused,('0x62b244c0000000000000000000000000000000000000000000000000000000000000000000000000000000000000000000000000000000000000,,6g5dkyjz,,0,0,0,0,0,0
942,0,PVS 1,pothole_PVS1_frame_004783_0,refused,('0x62b244c0000000000000000000000000000000000000000000000000000000000000000000000000000000000000000000000000000000000000,,6g5dkyjz,,0,0,0,0,0,0
943,0,PVS 1,pothole_PVS1_frame_004784_0,refused,('0x62b244c0000000000000000000000000000000000000000000000000000000000000000000000000000000000000000000000000000000000000,,6g5dkyjz,,0,0,0,0,0,0
944,0,PVS 1,pothole_PVS1_frame_004785_0,refused,('0x62b244c0000000000000000000000000000000000000000000000000000000000000000000000000000000000000000000000000000000000000,,6g5dkyjy,,0,0,0,0,0,0
945,0,PVS 1,pothole_PVS1_frame_004786_0,refused,('0x62b244c0000000000000000000000000000000000000000000000000000000000000000000000000000000000000000000000000000000000000,,6g5dkyjy,,0,0,0,0,0,0
946,0,PVS 1,pothole_PVS1_frame_004798_0,refused,('0x62b244c0000000000000000000000000000000000000000000000000000000000000000000000000000000000000000000000000000000000000,,6g5dkyn5,,0,0,0,0,0,0
947,0,PVS 1,pothole_PVS1_frame_004802_0,refused,('0x62b244c0000000000000000000000000000000000000000000000000000000000000000000000000000000000000000000000000000000000000,,6g5dkyn4,,0,0,0,0,0,0
948,0,PVS 1,pothole_PVS1_frame_004818_0,refused,('0x62b244c0000000000000000000000000000000000000000000000000000000000000000000000000000000000000000000000000000000000000,,6g5dkvyj,,0,0,0,0,0,0
949,0,PVS 1,pothole_PVS1_frame_004827_0,refused,('0x62b244c0000000000000000000000000000000000000000000000000000000000000000000000000000000000000000000000000000000000000,,6g5dkvy4,,0,0,0,0,0,0
950,0,PVS 1,pothole_PVS1_frame_004828_0,refused,('0x62b244c0000000000000000000000000000000000000000000000000000000000000000000000000000000000000000000000000000000000000,,6g5dkvy4,,0,0,0,0,0,0
951,0,PVS 1,pothole_PVS1_frame_004840_0,refused,('0x62b244c0000000000000000000000000000000000000000000000000000000000000000000000000000000000000000000000000000000000000,,6g5dkvtz,,0,0,0,0,0,0
952,0,PVS 1,pothole_PVS1_frame_004841_0,refused,('0x62b244c0000000000000000000000000000000000000000000000000000000000000000000000000000000000000000000000000000000000000,,6g5dkvty,,0,0,0,0,0,0
953,0,PVS 1,pothole_PVS1_frame_004871_0,refused,('0x62b244c0000000000000000000000000000000000000000000000000000000000000000000000000000000000000000000000000000000000000,,6g5dkvmz,,0,0,0,0,0,0
954,0,PVS 1,pothole_PVS1_frame_004878_0,refused,('0x62b244c0000000000000000000000000000000000000000000000000000000000000000000000000000000000000000000000000000000000000,,6g5dkvmu,,0,0,0,0,0,0
955,0,PVS 1,pothole_PVS1_frame_004879_0,refused,('0x62b244c0000000000000000000000000000000000000000000000000000000000000000000000000000000000000000000000000000000000000,,6g5dkvmg,,0,0,0,0,0,0
956,0,PVS 1,pothole_PVS1_frame_004901_0,refused,('0x62b244c0000000000000000000000000000000000000000000000000000000000000000000000000000000000000000000000000000000000000,,6g5dkvnq,,0,0,0,0,0,0
957,0,PVS 1,pothole_PVS1_frame_005070_0,refused,('0x62b244c0000000000000000000000000000000000000000000000000000000000000000000000000000000000000000000000000000000000000,,6g5dm58h,,0,0,0,0,0,0
958,0,PVS 1,pothole_PVS1_frame_005339_0,refused,"('0xfdd27ed2', '0xfdd27ed2')",1,6g5dm4nu,,0,0,0,0,0,0
959,1,PVS 3,pothole_PVS3_frame_000190_0,refused,('0x62b244c0000000000000000000000000000000000000000000000000000000000000000000000000000000000000000000000000000000000000,1,6g5dm4nu,,0,0,0,0,0,0
960,1,PVS 3,pothole_PVS3_frame_000256_0,refused,('0x62b244c0000000000000000000000000000000000000000000000000000000000000000000000000000000000000000000000000000000000000,1,6g5dm4nu,,0,0,0,0,0,0
961,1,PVS 3,pothole_PVS3_frame_000258_0,refused,('0x62b244c0000000000000000000000000000000000000000000000000000000000000000000000000000000000000000000000000000000000000,1,6g5dm4nu,,0,0,0,0,0,0
962,1,PVS 3,pothole_PVS3_frame_000373_0,refused,('0x62b244c0000000000000000000000000000000000000000000000000000000000000000000000000000000000000000000000000000000000000,10,6g5dm4q1,,0,0,0,0,0,0
963,1,PVS 3,pothole_PVS3_frame_000399_0,refused,('0x62b244c0000000000000000000000000000000000000000000000000000000000000000000000000000000000000000000000000000000000000,4,6g5dm4mw,,0,0,0,0,0,0
964,1,PVS 3,pothole_PVS3_frame_000414_0,refused,('0x62b244c0000000000000000000000000000000000000000000000000000000000000000000000000000000000000000000000000000000000000,12,6g5dm4t1,,0,0,0,0,0,0
965,1,PVS 3,pothole_PVS3_frame_000451_0,refused,('0x62b244c0000000000000000000000000000000000000000000000000000000000000000000000000000000000000000000000000000000000000,5,6g5dm4u3,,0,0,0,0,0,0
966,1,PVS 3,pothole_PVS3_frame_000563_0,refused,('0x62b244c0000000000000000000000000000000000000000000000000000000000000000000000000000000000000000000000000000000000000,,6g5dm52w,,0,0,0,0,0,0
967,1,PVS 3,pothole_PVS3_frame_000572_0,refused,('0x62b244c0000000000000000000000000000000000000000000000000000000000000000000000000000000000000000000000000000000000000,,6g5dm582,,0,0,0,0,0,0
968,1,PVS 3,pothole_PVS3_frame_000573_0,refused,('0x62b244c0000000000000000000000000000000000000000000000000000000000000000000000000000000000000000000000000000000000000,,6g5dm583,,0,0,0,0,0,0
969,1,PVS 3,pothole_PVS3_frame_000587_0,refused,('0x62b244c0000000000000000000000000000000000000000000000000000000000000000000000000000000000000000000000000000000000000,,6g5dm58h,,0,0,0,0,0,0
970,1,PVS 3,pothole_PVS3_frame_000615_0,refused,('0x62b244c0000000000000000000000000000000000000000000000000000000000000000000000000000000000000000000000000000000000000,,6g5dkgzv,,0,0,0,0,0,0
971,1,PVS 3,pothole_PVS3_frame_000635_0,refused,('0x62b244c0000000000000000000000000000000000000000000000000000000000000000000000000000000000000000000000000000000000000,,6g5dkupe,,0,0,0,0,0,0
972,1,PVS 3,pothole_PVS3_frame_000702_0,refused,('0x62b244c0000000000000000000000000000000000000000000000000000000000000000000000000000000000000000000000000000000000000,,6g5dkuxr,,0,0,0,0,0,0
973,1,PVS 3,pothole_PVS3_frame_000750_0,refused,('0x62b244c0000000000000000000000000000000000000000000000000000000000000000000000000000000000000000000000000000000000000,,6g5dkvns,,0,0,0,0,0,0
974,1,PVS 3,pothole_PVS3_frame_001065_0,refused,('0x62b244c0000000000000000000000000000000000000000000000000000000000000000000000000000000000000000000000000000000000000,,6g5dkykn,,0,0,0,0,0,0
975,1,PVS 3,pothole_PVS3_frame_001069_0,refused,('0x62b244c0000000000000000000000000000000000000000000000000000000000000000000000000000000000000000000000000000000000000,,6g5dkykn,,0,0,0,0,0,0
976,1,PVS 3,pothole_PVS3_frame_001141_0,refused,('0x62b244c0000000000000000000000000000000000000000000000000000000000000000000000000000000000000000000000000000000000000,,6g5dky77,,0,0,0,0,0,0
977,1,PVS 3,pothole_PVS3_frame_001206_0,refused,('0x62b244c0000000000000000000000000000000000000000000000000000000000000000000000000000000000000000000000000000000000000,,6g5dky6c,,0,0,0,0,0,0
978,1,PVS 3,pothole_PVS3_frame_001233_0,refused,('0x62b244c0000000000000000000000000000000000000000000000000000000000000000000000000000000000000000000000000000000000000,,6g5dky6d,,0,0,0,0,0,0
979,1,PVS 3,pothole_PVS3_frame_001390_0,refused,('0x62b244c0000000000000000000000000000000000000000000000000000000000000000000000000000000000000000000000000000000000000,,6g5dky81,,0,0,0,0,0,0
980,1,PVS 3,pothole_PVS3_frame_001424_0,refused,('0x62b244c0000000000000000000000000000000000000000000000000000000000000000000000000000000000000000000000000000000000000,,6g5dkwxd,,0,0,0,0,0,0
981,1,PVS 3,pothole_PVS3_frame_001469_0,refused,('0x62b244c0000000000000000000000000000000000000000000000000000000000000000000000000000000000000000000000000000000000000,,6g5dkwx5,,0,0,0,0,0,0
982,1,PVS 3,pothole_PVS3_frame_001664_0,refused,('0x62b244c0000000000000000000000000000000000000000000000000000000000000000000000000000000000000000000000000000000000000,,6g5dkwy5,,0,0,0,0,0,0
983,1,PVS 3,pothole_PVS3_frame_001669_0,refused,('0x62b244c0000000000000000000000000000000000000000000000000000000000000000000000000000000000000000000000000000000000000,,6g5dkwvu,,0,0,0,0,0,0
984,1,PVS 3,pothole_PVS3_frame_001671_0,refused,('0x62b244c0000000000000000000000000000000000000000000000000000000000000000000000000000000000000000000000000000000000000,,6g5dkwvu,,0,0,0,0,0,0
985,1,PVS 3,pothole_PVS3_frame_001674_0,refused,('0x62b244c0000000000000000000000000000000000000000000000000000000000000000000000000000000000000000000000000000000000000,,6g5dkwvu,,0,0,0,0,0,0
986,1,PVS 3,pothole_PVS3_frame_001675_0,refused,('0x62b244c0000000000000000000000000000000000000000000000000000000000000000000000000000000000000000000000000000000000000,,6g5dkwvu,,0,0,0,0,0,0
987,1,PVS 3,pothole_PVS3_frame_001676_0,refused,('0x62b244c0000000000000000000000000000000000000000000000000000000000000000000000000000000000000000000000000000000000000,,6g5dkwvu,,0,0,0,0,0,0
988,1,PVS 3,pothole_PVS3_frame_001678_0,refused,('0x62b244c0000000000000000000000000000000000000000000000000000000000000000000000000000000000000000000000000000000000000,,6g5dkwvu,,0,0,0,0,0,0
989,1,PVS 3,pothole_PVS3_frame_001688_0,refused,('0x62b244c0000000000000000000000000000000000000000000000000000000000000000000000000000000000000000000000000000000000000,,6g5dkwvu,,0,0,0,0,0,0
990,1,PVS 3,pothole_PVS3_frame_001690_0,refused,('0x62b244c0000000000000000000000000000000000000000000000000000000000000000000000000000000000000000000000000000000000000,,6g5dkwvu,,0,0,0,0,0,0
991,1,PVS 3,pothole_PVS3_frame_001691_0,refused,('0x62b244c0000000000000000000000000000000000000000000000000000000000000000000000000000000000000000000000000000000000000,,6g5dkwvu,,0,0,0,0,0,0
992,1,PVS 3,pothole_PVS3_frame_001695_0,refused,('0x62b244c0000000000000000000000000000000000000000000000000000000000000000000000000000000000000000000000000000000000000,,6g5dkwvs,,0,0,0,0,0,0
993,1,PVS 3,pothole_PVS3_frame_001696_0,refused,('0x62b244c0000000000000000000000000000000000000000000000000000000000000000000000000000000000000000000000000000000000000,,6g5dkwvs,,0,0,0,0,0,0
994,1,PVS 3,pothole_PVS3_frame_001697_0,refused,('0x62b244c0000000000000000000000000000000000000000000000000000000000000000000000000000000000000000000000000000000000000,,6g5dkwvs,,0,0,0,0,0,0
995,1,PVS 3,pothole_PVS3_frame_001698_0,refused,('0x62b244c0000000000000000000000000000000000000000000000000000000000000000000000000000000000000000000000000000000000000,,6g5dkwvt,,0,0,0,0,0,0
996,1,PVS 3,pothole_PVS3_frame_001703_0,refused,('0x62b244c0000000000000000000000000000000000000000000000000000000000000000000000000000000000000000000000000000000000000,,6g5dkwvt,,0,0,0,0,0,0
997,1,PVS 3,pothole_PVS3_frame_001704_0,refused,('0x62b244c0000000000000000000000000000000000000000000000000000000000000000000000000000000000000000000000000000000000000,,6g5dkwvt,,0,0,0,0,0,0
998,1,PVS 3,pothole_PVS3_frame_001705_0,refused,('0x62b244c0000000000000000000000000000000000000000000000000000000000000000000000000000000000000000000000000000000000000,,6g5dkwvt,,0,0,0,0,0,0
999,1,PVS 3,pothole_PVS3_frame_001706_0,refused,('0x62b244c0000000000000000000000000000000000000000000000000000000000000000000000000000000000000000000000000000000000000,,6g5dkwvt,,0,0,0,0,0,0
1000,1,PVS 3,pothole_PVS3_frame_001708_0,refused,('0x62b244c0000000000000000000000000000000000000000000000000000000000000000000000000000000000000000000000000000000000000,,6g5dkwvt,,0,0,0,0,0,0
1001,1,PVS 3,pothole_PVS3_frame_001727_0,refused,('0x62b244c0000000000000000000000000000000000000000000000000000000000000000000000000000000000000000000000000000000000000,,6g5dkwvt,,0,0,0,0,0,0
1002,1,PVS 3,pothole_PVS3_frame_001731_0,refused,('0x62b244c0000000000000000000000000000000000000000000000000000000000000000000000000000000000000000000000000000000000000,,6g5dkwvt,,0,0,0,0,0,0
1003,1,PVS 3,pothole_PVS3_frame_001734_0,refused,('0x62b244c0000000000000000000000000000000000000000000000000000000000000000000000000000000000000000000000000000000000000,,6g5dkwvt,,0,0,0,0,0,0
1004,1,PVS 3,pothole_PVS3_frame_001736_0,refused,('0x62b244c0000000000000000000000000000000000000000000000000000000000000000000000000000000000000000000000000000000000000,,6g5dkwvt,,0,0,0,0,0,0
1005,1,PVS 3,pothole_PVS3_frame_001739_0,refused,('0x62b244c0000000000000000000000000000000000000000000000000000000000000000000000000000000000000000000000000000000000000,,6g5dkwvt,,0,0,0,0,0,0
1006,1,PVS 3,pothole_PVS3_frame_001745_0,refused,('0x62b244c0000000000000000000000000000000000000000000000000000000000000000000000000000000000000000000000000000000000000,,6g5dkwvt,,0,0,0,0,0,0
1007,1,PVS 3,pothole_PVS3_frame_001746_0,refused,('0x62b244c0000000000000000000000000000000000000000000000000000000000000000000000000000000000000000000000000000000000000,,6g5dkwvw,,0,0,0,0,0,0
1008,1,PVS 3,pothole_PVS3_frame_001747_0,refused,('0x62b244c0000000000000000000000000000000000000000000000000000000000000000000000000000000000000000000000000000000000000,,6g5dkwvw,,0,0,0,0,0,0
1009,1,PVS 3,pothole_PVS3_frame_001763_0,refused,('0x62b244c0000000000000000000000000000000000000000000000000000000000000000000000000000000000000000000000000000000000000,,6g5dkwvq,,0,0,0,0,0,0
1010,1,PVS 3,pothole_PVS3_frame_001764_0,refused,('0x62b244c0000000000000000000000000000000000000000000000000000000000000000000000000000000000000000000000000000000000000,,6g5dkwvq,,0,0,0,0,0,0
1011,1,PVS 3,pothole_PVS3_frame_001766_0,refused,('0x62b244c0000000000000000000000000000000000000000000000000000000000000000000000000000000000000000000000000000000000000,,6g5dkwvq,,0,0,0,0,0,0
1012,1,PVS 3,pothole_PVS3_frame_001774_0,refused,('0x62b244c0000000000000000000000000000000000000000000000000000000000000000000000000000000000000000000000000000000000000,,6g5dkwvr,,0,0,0,0,0,0
1013,1,PVS 3,pothole_PVS3_frame_001775_0,refused,('0x62b244c0000000000000000000000000000000000000000000000000000000000000000000000000000000000000000000000000000000000000,,6g5dkwvr,,0,0,0,0,0,0
1014,1,PVS 3,pothole_PVS3_frame_001776_0,refused,('0x62b244c0000000000000000000000000000000000000000000000000000000000000000000000000000000000000000000000000000000000000,,6g5dkwvr,,0,0,0,0,0,0
1015,1,PVS 3,pothole_PVS3_frame_001777_0,refused,('0x62b244c0000000000000000000000000000000000000000000000000000000000000000000000000000000000000000000000000000000000000,,6g5dkwvr,,0,0,0,0,0,0
1016,1,PVS 3,pothole_PVS3_frame_001778_0,refused,('0x62b244c0000000000000000000000000000000000000000000000000000000000000000000000000000000000000000000000000000000000000,,6g5dkwvr,,0,0,0,0,0,0
1017,1,PVS 3,pothole_PVS3_frame_001780_0,refused,('0x62b244c0000000000000000000000000000000000000000000000000000000000000000000000000000000000000000000000000000000000000,,6g5dkwvr,,0,0,0,0,0,0
1018,1,PVS 3,pothole_PVS3_frame_001782_0,refused,('0x62b244c0000000000000000000000000000000000000000000000000000000000000000000000000000000000000000000000000000000000000,,6g5dkwvr,,0,0,0,0,0,0
1019,1,PVS 3,pothole_PVS3_frame_001783_0,refused,('0x62b244c0000000000000000000000000000000000000000000000000000000000000000000000000000000000000000000000000000000000000,,6g5dkwvr,,0,0,0,0,0,0
1020,1,PVS 3,pothole_PVS3_frame_001785_0,refused,('0x62b244c0000000000000000000000000000000000000000000000000000000000000000000000000000000000000000000000000000000000000,,6g5dkwvr,,0,0,0,0,0,0
1021,1,PVS 3,pothole_PVS3_frame_001786_0,refused,('0x62b244c0000000000000000000000000000000000000000000000000000000000000000000000000000000000000000000000000000000000000,,6g5dkwvr,,0,0,0,0,0,0
1022,1,PVS 3,pothole_PVS3_frame_001798_0,refused,('0x62b244c0000000000000000000000000000000000000000000000000000000000000000000000000000000000000000000000000000000000000,,6g5dkxj0,,0,0,0,0,0,0
1023,1,PVS 3,pothole_PVS3_frame_001799_0,refused,('0x62b244c0000000000000000000000000000000000000000000000000000000000000000000000000000000000000000000000000000000000000,,6g5dkxj0,,0,0,0,0,0,0
1024,1,PVS 3,pothole_PVS3_frame_001801_0,refused,('0x62b244c0000000000000000000000000000000000000000000000000000000000000000000000000000000000000000000000000000000000000,,6g5dkxj0,,0,0,0,0,0,0
1025,1,PVS 3,pothole_PVS3_frame_001802_0,refused,('0x62b244c0000000000000000000000000000000000000000000000000000000000000000000000000000000000000000000000000000000000000,,6g5dkxj0,,0,0,0,0,0,0
1026,1,PVS 3,pothole_PVS3_frame_001803_0,refused,('0x62b244c0000000000000000000000000000000000000000000000000000000000000000000000000000000000000000000000000000000000000,,6g5dkxj0,,0,0,0,0,0,0
1027,1,PVS 3,pothole_PVS3_frame_001805_0,refused,('0x62b244c0000000000000000000000000000000000000000000000000000000000000000000000000000000000000000000000000000000000000,,6g5dkxj0,,0,0,0,0,0,0
1028,1,PVS 3,pothole_PVS3_frame_001809_0,refused,('0x62b244c0000000000000000000000000000000000000000000000000000000000000000000000000000000000000000000000000000000000000,,6g5dkxj1,,0,0,0,0,0,0
1029,1,PVS 3,pothole_PVS3_frame_001810_0,refused,('0x62b244c0000000000000000000000000000000000000000000000000000000000000000000000000000000000000000000000000000000000000,,6g5dkxj1,,0,0,0,0,0,0
1030,1,PVS 3,pothole_PVS3_frame_001811_0,refused,('0x62b244c0000000000000000000000000000000000000000000000000000000000000000000000000000000000000000000000000000000000000,,6g5dkxj1,,0,0,0,0,0,0
1031,1,PVS 3,pothole_PVS3_frame_001812_0,refused,('0x62b244c0000000000000000000000000000000000000000000000000000000000000000000000000000000000000000000000000000000000000,,6g5dkxj1,,0,0,0,0,0,0
1032,1,PVS 3,pothole_PVS3_frame_001814_0,refused,('0x62b244c0000000000000000000000000000000000000000000000000000000000000000000000000000000000000000000000000000000000000,,6g5dkxj1,,0,0,0,0,0,0
1033,1,PVS 3,pothole_PVS3_frame_001818_0,refused,('0x62b244c0000000000000000000000000000000000000000000000000000000000000000000000000000000000000000000000000000000000000,,6g5dkxj1,,0,0,0,0,0,0
1034,1,PVS 3,pothole_PVS3_frame_001832_0,refused,('0x62b244c0000000000000000000000000000000000000000000000000000000000000000000000000000000000000000000000000000000000000,,6g5dkxhg,,0,0,0,0,0,0
1035,1,PVS 3,pothole_PVS3_frame_001837_0,refused,('0x62b244c0000000000000000000000000000000000000000000000000000000000000000000000000000000000000000000000000000000000000,,6g5dkxhg,,0,0,0,0,0,0
1036,1,PVS 3,pothole_PVS3_frame_001838_0,refused,('0x62b244c0000000000000000000000000000000000000000000000000000000000000000000000000000000000000000000000000000000000000,,6g5dkxhg,,0,0,0,0,0,0
1037,1,PVS 3,pothole_PVS3_frame_001840_0,refused,('0x62b244c0000000000000000000000000000000000000000000000000000000000000000000000000000000000000000000000000000000000000,,6g5dkxhg,,0,0,0,0,0,0
1038,1,PVS 3,pothole_PVS3_frame_001841_0,refused,('0x62b244c0000000000000000000000000000000000000000000000000000000000000000000000000000000000000000000000000000000000000,,6g5dkxhg,,0,0,0,0,0,0
1039,1,PVS 3,pothole_PVS3_frame_001848_0,refused,('0x62b244c0000000000000000000000000000000000000000000000000000000000000000000000000000000000000000000000000000000000000,,6g5dkxhu,,0,0,0,0,0,0
1040,1,PVS 3,pothole_PVS3_frame_001849_0,refused,('0x62b244c0000000000000000000000000000000000000000000000000000000000000000000000000000000000000000000000000000000000000,,6g5dkxhu,,0,0,0,0,0,0
1041,1,PVS 3,pothole_PVS3_frame_001858_0,refused,('0x62b244c0000000000000000000000000000000000000000000000000000000000000000000000000000000000000000000000000000000000000,,6g5dkxhs,,0,0,0,0,0,0
1042,1,PVS 3,pothole_PVS3_frame_001866_0,refused,('0x62b244c0000000000000000000000000000000000000000000000000000000000000000000000000000000000000000000000000000000000000,,6g5dkxht,,0,0,0,0,0,0
1043,1,PVS 3,pothole_PVS3_frame_001867_0,refused,('0x62b244c0000000000000000000000000000000000000000000000000000000000000000000000000000000000000000000000000000000000000,,6g5dkxht,,0,0,0,0,0,0
1044,1,PVS 3,pothole_PVS3_frame_001868_0,refused,('0x62b244c0000000000000000000000000000000000000000000000000000000000000000000000000000000000000000000000000000000000000,,6g5dkxht,,0,0,0,0,0,0
1045,1,PVS 3,pothole_PVS3_frame_001869_0,refused,('0x62b244c0000000000000000000000000000000000000000000000000000000000000000000000000000000000000000000000000000000000000,,6g5dkxhm,,0,0,0,0,0,0
1046,1,PVS 3,pothole_PVS3_frame_001870_0,refused,('0x62b244c0000000000000000000000000000000000000000000000000000000000000000000000000000000000000000000000000000000000000,,6g5dkxhm,,0,0,0,0,0,0
1047,1,PVS 3,pothole_PVS3_frame_001871_0,refused,('0x62b244c0000000000000000000000000000000000000000000000000000000000000000000000000000000000000000000000000000000000000,,6g5dkxhm,,0,0,0,0,0,0
1048,1,PVS 3,pothole_PVS3_frame_001878_0,refused,('0x62b244c0000000000000000000000000000000000000000000000000000000000000000000000000000000000000000000000000000000000000,,6g5dkxhm,,0,0,0,0,0,0
1049,1,PVS 3,pothole_PVS3_frame_001880_0,refused,('0x62b244c0000000000000000000000000000000000000000000000000000000000000000000000000000000000000000000000000000000000000,,6g5dkxhm,,0,0,0,0,0,0
1050,1,PVS 3,pothole_PVS3_frame_001881_0,refused,('0x62b244c0000000000000000000000000000000000000000000000000000000000000000000000000000000000000000000000000000000000000,,6g5dkxhm,,0,0,0,0,0,0
1051,1,PVS 3,pothole_PVS3_frame_001884_0,refused,('0x62b244c0000000000000000000000000000000000000000000000000000000000000000000000000000000000000000000000000000000000000,,6g5dkxhj,,0,0,0,0,0,0
1052,1,PVS 3,pothole_PVS3_frame_001886_0,refused,('0x62b244c0000000000000000000000000000000000000000000000000000000000000000000000000000000000000000000000000000000000000,,6g5dkxhj,,0,0,0,0,0,0
1053,1,PVS 3,pothole_PVS3_frame_001887_0,refused,('0x62b244c0000000000000000000000000000000000000000000000000000000000000000000000000000000000000000000000000000000000000,,6g5dkxhj,,0,0,0,0,0,0
1054,1,PVS 3,pothole_PVS3_frame_001888_0,refused,('0x62b244c0000000000000000000000000000000000000000000000000000000000000000000000000000000000000000000000000000000000000,,6g5dkxhj,,0,0,0,0,0,0
1055,1,PVS 3,pothole_PVS3_frame_001888_1,refused,('0x62b244c0000000000000000000000000000000000000000000000000000000000000000000000000000000000000000000000000000000000000,,6g5dkxhj,,0,0,0,0,0,0
1056,1,PVS 3,pothole_PVS3_frame_001892_0,refused,('0x62b244c0000000000000000000000000000000000000000000000000000000000000000000000000000000000000000000000000000000000000,,6g5dkxhj,,0,0,0,0,0,0
1057,1,PVS 3,pothole_PVS3_frame_001894_0,refused,('0x62b244c0000000000000000000000000000000000000000000000000000000000000000000000000000000000000000000000000000000000000,,6g5dkxhj,,0,0,0,0,0,0
1058,1,PVS 3,pothole_PVS3_frame_001897_0,refused,('0x62b244c0000000000000000000000000000000000000000000000000000000000000000000000000000000000000000000000000000000000000,,6g5dkxhj,,0,0,0,0,0,0
1059,1,PVS 3,pothole_PVS3_frame_001898_0,refused,('0x62b244c0000000000000000000000000000000000000000000000000000000000000000000000000000000000000000000000000000000000000,,6g5dkxhj,,0,0,0,0,0,0
1060,1,PVS 3,pothole_PVS3_frame_001899_0,refused,('0x62b244c0000000000000000000000000000000000000000000000000000000000000000000000000000000000000000000000000000000000000,,6g5dkxhj,,0,0,0,0,0,0
1061,1,PVS 3,pothole_PVS3_frame_001901_0,refused,('0x62b244c0000000000000000000000000000000000000000000000000000000000000000000000000000000000000000000000000000000000000,,6g5dkxhj,,0,0,0,0,0,0
1062,1,PVS 3,pothole_PVS3_frame_001906_0,refused,('0x62b244c0000000000000000000000000000000000000000000000000000000000000000000000000000000000000000000000000000000000000,,6g5dkx5v,,0,0,0,0,0,0
1063,1,PVS 3,pothole_PVS3_frame_001907_0,refused,('0x62b244c0000000000000000000000000000000000000000000000000000000000000000000000000000000000000000000000000000000000000,,6g5dkx5v,,0,0,0,0,0,0
1064,1,PVS 3,pothole_PVS3_frame_001910_0,refused,('0x62b244c0000000000000000000000000000000000000000000000000000000000000000000000000000000000000000000000000000000000000,,6g5dkx5v,,0,0,0,0,0,0
1065,1,PVS 3,pothole_PVS3_frame_001913_0,refused,('0x62b244c0000000000000000000000000000000000000000000000000000000000000000000000000000000000000000000000000000000000000,,6g5dkx5v,,0,0,0,0,0,0
1066,1,PVS 3,pothole_PVS3_frame_001914_0,refused,('0x62b244c0000000000000000000000000000000000000000000000000000000000000000000000000000000000000000000000000000000000000,,6g5dkx5v,,0,0,0,0,0,0
1067,1,PVS 3,pothole_PVS3_frame_001918_0,refused,('0x62b244c0000000000000000000000000000000000000000000000000000000000000000000000000000000000000000000000000000000000000,,6g5dkx5t,,0,0,0,0,0,0
1068,1,PVS 3,pothole_PVS3_frame_001922_0,refused,('0x62b244c0000000000000000000000000000000000000000000000000000000000000000000000000000000000000000000000000000000000000,,6g5dkx5t,,0,0,0,0,0,0
1069,1,PVS 3,pothole_PVS3_frame_001923_0,refused,('0x62b244c0000000000000000000000000000000000000000000000000000000000000000000000000000000000000000000000000000000000000,,6g5dkx5t,,0,0,0,0,0,0
1070,1,PVS 3,pothole_PVS3_frame_001926_0,refused,('0x62b244c0000000000000000000000000000000000000000000000000000000000000000000000000000000000000000000000000000000000000,,6g5dkx5t,,0,0,0,0,0,0
1071,1,PVS 3,pothole_PVS3_frame_001927_0,refused,('0x62b244c0000000000000000000000000000000000000000000000000000000000000000000000000000000000000000000000000000000000000,,6g5dkx5t,,0,0,0,0,0,0
1072,1,PVS 3,pothole_PVS3_frame_001928_0,refused,('0x62b244c0000000000000000000000000000000000000000000000000000000000000000000000000000000000000000000000000000000000000,,6g5dkx5t,,0,0,0,0,0,0
1073,1,PVS 3,pothole_PVS3_frame_001932_0,refused,('0x62b244c0000000000000000000000000000000000000000000000000000000000000000000000000000000000000000000000000000000000000,,6g5dkx5t,,0,0,0,0,0,0
1074,1,PVS 3,pothole_PVS3_frame_001933_0,refused,('0x62b244c0000000000000000000000000000000000000000000000000000000000000000000000000000000000000000000000000000000000000,,6g5dkx5t,,0,0,0,0,0,0
1075,1,PVS 3,pothole_PVS3_frame_001934_0,refused,('0x62b244c0000000000000000000000000000000000000000000000000000000000000000000000000000000000000000000000000000000000000,,6g5dkx5t,,0,0,0,0,0,0
1076,1,PVS 3,pothole_PVS3_frame_001935_0,refused,('0x62b244c0000000000000000000000000000000000000000000000000000000000000000000000000000000000000000000000000000000000000,,6g5dkx5t,,0,0,0,0,0,0
1077,1,PVS 3,pothole_PVS3_frame_001937_0,refused,('0x62b244c0000000000000000000000000000000000000000000000000000000000000000000000000000000000000000000000000000000000000,,6g5dkx5m,,0,0,0,0,0,0
1078,1,PVS 3,pothole_PVS3_frame_001944_0,refused,('0x62b244c0000000000000000000000000000000000000000000000000000000000000000000000000000000000000000000000000000000000000,,6g5dkx5k,,0,0,0,0,0,0
1079,1,PVS 3,pothole_PVS3_frame_001948_0,refused,('0x62b244c0000000000000000000000000000000000000000000000000000000000000000000000000000000000000000000000000000000000000,,6g5dkx5k,,0,0,0,0,0,0
1080,1,PVS 3,pothole_PVS3_frame_001949_0,refused,('0x62b244c0000000000000000000000000000000000000000000000000000000000000000000000000000000000000000000000000000000000000,,6g5dkx5k,,0,0,0,0,0,0
1081,1,PVS 3,pothole_PVS3_frame_001952_0,refused,('0x62b244c0000000000000000000000000000000000000000000000000000000000000000000000000000000000000000000000000000000000000,,6g5dkx5k,,0,0,0,0,0,0
1082,1,PVS 3,pothole_PVS3_frame_001958_0,refused,('0x62b244c0000000000000000000000000000000000000000000000000000000000000000000000000000000000000000000000000000000000000,,6g5dkx5h,,0,0,0,0,0,0
1083,1,PVS 3,pothole_PVS3_frame_001959_0,refused,('0x62b244c0000000000000000000000000000000000000000000000000000000000000000000000000000000000000000000000000000000000000,,6g5dkx5h,,0,0,0,0,0,0
1084,1,PVS 3,pothole_PVS3_frame_001960_0,refused,('0x62b244c0000000000000000000000000000000000000000000000000000000000000000000000000000000000000000000000000000000000000,,6g5dkx5h,,0,0,0,0,0,0
1085,1,PVS 3,pothole_PVS3_frame_001964_0,refused,('0x62b244c0000000000000000000000000000000000000000000000000000000000000000000000000000000000000000000000000000000000000,,6g5dkx5h,,0,0,0,0,0,0
1086,1,PVS 3,pothole_PVS3_frame_001966_0,refused,('0x62b244c0000000000000000000000000000000000000000000000000000000000000000000000000000000000000000000000000000000000000,,6g5dkx5h,,0,0,0,0,0,0
1087,1,PVS 3,pothole_PVS3_frame_001967_0,refused,('0x62b244c0000000000000000000000000000000000000000000000000000000000000000000000000000000000000000000000000000000000000,,6g5dkx5h,,0,0,0,0,0,0
1088,1,PVS 3,pothole_PVS3_frame_001968_0,refused,('0x62b244c0000000000000000000000000000000000000000000000000000000000000000000000000000000000000000000000000000000000000,,6g5dkx5h,,0,0,0,0,0,0
1089,1,PVS 3,pothole_PVS3_frame_001970_0,refused,('0x62b244c0000000000000000000000000000000000000000000000000000000000000000000000000000000000000000000000000000000000000,,6g5dkx5h,,0,0,0,0,0,0
1090,1,PVS 3,pothole_PVS3_frame_001971_0,refused,('0x62b244c0000000000000000000000000000000000000000000000000000000000000000000000000000000000000000000000000000000000000,,6g5dkx5h,,0,0,0,0,0,0
1091,1,PVS 3,pothole_PVS3_frame_001972_0,refused,('0x62b244c0000000000000000000000000000000000000000000000000000000000000000000000000000000000000000000000000000000000000,,6g5dkx5h,,0,0,0,0,0,0
1092,1,PVS 3,pothole_PVS3_frame_001974_0,refused,('0x62b244c0000000000000000000000000000000000000000000000000000000000000000000000000000000000000000000000000000000000000,,6g5dkx5h,,0,0,0,0,0,0
1093,1,PVS 3,pothole_PVS3_frame_001975_0,refused,('0x62b244c0000000000000000000000000000000000000000000000000000000000000000000000000000000000000000000000000000000000000,,6g5dkx5h,,0,0,0,0,0,0
1094,1,PVS 3,pothole_PVS3_frame_001977_0,refused,('0x62b244c0000000000000000000000000000000000000000000000000000000000000000000000000000000000000000000000000000000000000,,6g5dkx5h,,0,0,0,0,0,0
1095,1,PVS 3,pothole_PVS3_frame_001978_0,refused,('0x62b244c0000000000000000000000000000000000000000000000000000000000000000000000000000000000000000000000000000000000000,,6g5dkx5h,,0,0,0,0,0,0
1096,1,PVS 3,pothole_PVS3_frame_001979_0,refused,('0x62b244c0000000000000000000000000000000000000000000000000000000000000000000000000000000000000000000000000000000000000,,6g5dkx5h,,0,0,0,0,0,0
1097,1,PVS 3,pothole_PVS3_frame_001980_0,refused,('0x62b244c0000000000000000000000000000000000000000000000000000000000000000000000000000000000000000000000000000000000000,,6g5dkx4u,,0,0,0,0,0,0
1098,1,PVS 3,pothole_PVS3_frame_001981_0,refused,('0x62b244c0000000000000000000000000000000000000000000000000000000000000000000000000000000000000000000000000000000000000,,6g5dkx4u,,0,0,0,0,0,0
1099,1,PVS 3,pothole_PVS3_frame_001982_0,refused,('0x62b244c0000000000000000000000000000000000000000000000000000000000000000000000000000000000000000000000000000000000000,,6g5dkx4u,,0,0,0,0,0,0
1100,1,PVS 3,pothole_PVS3_frame_001984_0,refused,('0x62b244c0000000000000000000000000000000000000000000000000000000000000000000000000000000000000000000000000000000000000,,6g5dkx4u,,0,0,0,0,0,0
1101,1,PVS 3,pothole_PVS3_frame_001988_0,refused,('0x62b244c0000000000000000000000000000000000000000000000000000000000000000000000000000000000000000000000000000000000000,,6g5dkx4u,,0,0,0,0,0,0
1102,1,PVS 3,pothole_PVS3_frame_002004_0,refused,('0x62b244c0000000000000000000000000000000000000000000000000000000000000000000000000000000000000000000000000000000000000,,6g5dkx4t,,0,0,0,0,0,0
1103,1,PVS 3,pothole_PVS3_frame_002005_0,refused,('0x62b244c0000000000000000000000000000000000000000000000000000000000000000000000000000000000000000000000000000000000000,,6g5dkx4t,,0,0,0,0,0,0
1104,1,PVS 3,pothole_PVS3_frame_002006_0,refused,('0x62b244c0000000000000000000000000000000000000000000000000000000000000000000000000000000000000000000000000000000000000,,6g5dkx4t,,0,0,0,0,0,0
1105,1,PVS 3,pothole_PVS3_frame_002011_0,refused,('0x62b244c0000000000000000000000000000000000000000000000000000000000000000000000000000000000000000000000000000000000000,,6g5dkx4t,,0,0,0,0,0,0
1106,1,PVS 3,pothole_PVS3_frame_002012_0,refused,('0x62b244c0000000000000000000000000000000000000000000000000000000000000000000000000000000000000000000000000000000000000,,6g5dkx4t,,0,0,0,0,0,0
1107,1,PVS 3,pothole_PVS3_frame_002013_0,refused,('0x62b244c0000000000000000000000000000000000000000000000000000000000000000000000000000000000000000000000000000000000000,,6g5dkx4t,,0,0,0,0,0,0
1108,1,PVS 3,pothole_PVS3_frame_002014_0,refused,('0x62b244c0000000000000000000000000000000000000000000000000000000000000000000000000000000000000000000000000000000000000,,6g5dkx4m,,0,0,0,0,0,0
1109,1,PVS 3,pothole_PVS3_frame_002015_0,refused,('0x62b244c0000000000000000000000000000000000000000000000000000000000000000000000000000000000000000000000000000000000000,,6g5dkx4m,,0,0,0,0,0,0
1110,1,PVS 3,pothole_PVS3_frame_002016_0,refused,('0x62b244c0000000000000000000000000000000000000000000000000000000000000000000000000000000000000000000000000000000000000,,6g5dkx4m,,0,0,0,0,0,0
1111,1,PVS 3,pothole_PVS3_frame_002024_0,refused,('0x62b244c0000000000000000000000000000000000000000000000000000000000000000000000000000000000000000000000000000000000000,,6g5dkx4m,,0,0,0,0,0,0
1112,1,PVS 3,pothole_PVS3_frame_002025_0,refused,('0x62b244c0000000000000000000000000000000000000000000000000000000000000000000000000000000000000000000000000000000000000,,6g5dkx4m,,0,0,0,0,0,0
1113,1,PVS 3,pothole_PVS3_frame_002026_0,refused,('0x62b244c0000000000000000000000000000000000000000000000000000000000000000000000000000000000000000000000000000000000000,,6g5dkx4m,,0,0,0,0,0,0
1114,1,PVS 3,pothole_PVS3_frame_002027_0,refused,('0x62b244c0000000000000000000000000000000000000000000000000000000000000000000000000000000000000000000000000000000000000,,6g5dkx4m,,0,0,0,0,0,0
1115,1,PVS 3,pothole_PVS3_frame_002028_0,refused,('0x62b244c0000000000000000000000000000000000000000000000000000000000000000000000000000000000000000000000000000000000000,,6g5dkx4m,,0,0,0,0,0,0
1116,1,PVS 3,pothole_PVS3_frame_002029_0,refused,('0x62b244c0000000000000000000000000000000000000000000000000000000000000000000000000000000000000000000000000000000000000,,6g5dkx4m,,0,0,0,0,0,0
1117,1,PVS 3,pothole_PVS3_frame_002030_0,refused,('0x62b244c0000000000000000000000000000000000000000000000000000000000000000000000000000000000000000000000000000000000000,,6g5dkx4m,,0,0,0,0,0,0
1118,1,PVS 3,pothole_PVS3_frame_002035_0,refused,('0x62b244c0000000000000000000000000000000000000000000000000000000000000000000000000000000000000000000000000000000000000,,6g5dkx4j,,0,0,0,0,0,0
1119,1,PVS 3,pothole_PVS3_frame_002036_0,refused,('0x62b244c0000000000000000000000000000000000000000000000000000000000000000000000000000000000000000000000000000000000000,,6g5dkx4j,,0,0,0,0,0,0
1120,1,PVS 3,pothole_PVS3_frame_002038_0,refused,('0x62b244c0000000000000000000000000000000000000000000000000000000000000000000000000000000000000000000000000000000000000,,6g5dkx4j,,0,0,0,0,0,0
1121,1,PVS 3,pothole_PVS3_frame_002039_0,refused,('0x62b244c0000000000000000000000000000000000000000000000000000000000000000000000000000000000000000000000000000000000000,,6g5dkx4j,,0,0,0,0,0,0
1122,1,PVS 3,pothole_PVS3_frame_002040_0,refused,('0x62b244c0000000000000000000000000000000000000000000000000000000000000000000000000000000000000000000000000000000000000,,6g5dkx4j,,0,0,0,0,0,0
1123,1,PVS 3,pothole_PVS3_frame_002043_0,refused,('0x62b244c0000000000000000000000000000000000000000000000000000000000000000000000000000000000000000000000000000000000000,,6g5dkx4j,,0,0,0,0,0,0
1124,1,PVS 3,pothole_PVS3_frame_002056_0,refused,('0x62b244c0000000000000000000000000000000000000000000000000000000000000000000000000000000000000000000000000000000000000,,6g5dkx4n,,0,0,0,0,0,0
1125,1,PVS 3,pothole_PVS3_frame_002060_0,refused,('0x62b244c0000000000000000000000000000000000000000000000000000000000000000000000000000000000000000000000000000000000000,,6g5dkx1z,,0,0,0,0,0,0
1126,1,PVS 3,pothole_PVS3_frame_002069_0,refused,('0x62b244c0000000000000000000000000000000000000000000000000000000000000000000000000000000000000000000000000000000000000,,6g5dkx1z,,0,0,0,0,0,0
1127,1,PVS 3,pothole_PVS3_frame_002071_0,refused,('0x62b244c0000000000000000000000000000000000000000000000000000000000000000000000000000000000000000000000000000000000000,,6g5dkx1z,,0,0,0,0,0,0
1128,1,PVS 3,pothole_PVS3_frame_002073_0,refused,('0x62b244c0000000000000000000000000000000000000000000000000000000000000000000000000000000000000000000000000000000000000,,6g5dkx3b,,0,0,0,0,0,0
1129,1,PVS 3,pothole_PVS3_frame_002074_0,refused,('0x62b244c0000000000000000000000000000000000000000000000000000000000000000000000000000000000000000000000000000000000000,,6g5dkx3b,,0,0,0,0,0,0
1130,1,PVS 3,pothole_PVS3_frame_002075_0,refused,('0x62b244c0000000000000000000000000000000000000000000000000000000000000000000000000000000000000000000000000000000000000,,6g5dkx3b,,0,0,0,0,0,0
1131,1,PVS 3,pothole_PVS3_frame_002079_0,refused,('0x62b244c0000000000000000000000000000000000000000000000000000000000000000000000000000000000000000000000000000000000000,,6g5dkx3b,,0,0,0,0,0,0
1132,1,PVS 3,pothole_PVS3_frame_002080_0,refused,('0x62b244c0000000000000000000000000000000000000000000000000000000000000000000000000000000000000000000000000000000000000,,6g5dkx3b,,0,0,0,0,0,0
1133,1,PVS 3,pothole_PVS3_frame_002081_0,refused,('0x62b244c0000000000000000000000000000000000000000000000000000000000000000000000000000000000000000000000000000000000000,,6g5dkx3b,,0,0,0,0,0,0
1134,1,PVS 3,pothole_PVS3_frame_002082_0,refused,('0x62b244c0000000000000000000000000000000000000000000000000000000000000000000000000000000000000000000000000000000000000,,6g5dkx3b,,0,0,0,0,0,0
1135,1,PVS 3,pothole_PVS3_frame_002083_0,refused,('0x62b244c0000000000000000000000000000000000000000000000000000000000000000000000000000000000000000000000000000000000000,,6g5dkx3b,,0,0,0,0,0,0
1136,1,PVS 3,pothole_PVS3_frame_002084_0,refused,('0x62b244c0000000000000000000000000000000000000000000000000000000000000000000000000000000000000000000000000000000000000,,6g5dkx3c,,0,0,0,0,0,0
1137,1,PVS 3,pothole_PVS3_frame_002085_0,refused,('0x62b244c0000000000000000000000000000000000000000000000000000000000000000000000000000000000000000000000000000000000000,,6g5dkx3c,,0,0,0,0,0,0
1138,1,PVS 3,pothole_PVS3_frame_002086_0,refused,('0x62b244c0000000000000000000000000000000000000000000000000000000000000000000000000000000000000000000000000000000000000,,6g5dkx3c,,0,0,0,0,0,0
1139,1,PVS 3,pothole_PVS3_frame_002087_0,refused,('0x62b244c0000000000000000000000000000000000000000000000000000000000000000000000000000000000000000000000000000000000000,,6g5dkx3c,,0,0,0,0,0,0
1140,1,PVS 3,pothole_PVS3_frame_002088_0,refused,('0x62b244c0000000000000000000000000000000000000000000000000000000000000000000000000000000000000000000000000000000000000,,6g5dkx3c,,0,0,0,0,0,0
1141,1,PVS 3,pothole_PVS3_frame_002089_0,refused,('0x62b244c0000000000000000000000000000000000000000000000000000000000000000000000000000000000000000000000000000000000000,,6g5dkx3c,,0,0,0,0,0,0
1142,1,PVS 3,pothole_PVS3_frame_002090_0,refused,('0x62b244c0000000000000000000000000000000000000000000000000000000000000000000000000000000000000000000000000000000000000,,6g5dkx3c,,0,0,0,0,0,0
1143,1,PVS 3,pothole_PVS3_frame_002091_0,refused,('0x62b244c0000000000000000000000000000000000000000000000000000000000000000000000000000000000000000000000000000000000000,,6g5dkx3c,,0,0,0,0,0,0
1144,1,PVS 3,pothole_PVS3_frame_002092_0,refused,('0x62b244c0000000000000000000000000000000000000000000000000000000000000000000000000000000000000000000000000000000000000,,6g5dkx3c,,0,0,0,0,0,0
1145,1,PVS 3,pothole_PVS3_frame_002094_0,refused,('0x62b244c0000000000000000000000000000000000000000000000000000000000000000000000000000000000000000000000000000000000000,,6g5dkx3c,,0,0,0,0,0,0
1146,1,PVS 3,pothole_PVS3_frame_002096_0,refused,('0x62b244c0000000000000000000000000000000000000000000000000000000000000000000000000000000000000000000000000000000000000,,6g5dkx3f,,0,0,0,0,0,0
1147,1,PVS 3,pothole_PVS3_frame_002098_0,refused,('0x62b244c0000000000000000000000000000000000000000000000000000000000000000000000000000000000000000000000000000000000000,,6g5dkx3f,,0,0,0,0,0,0
1148,1,PVS 3,pothole_PVS3_frame_002100_0,refused,('0x62b244c0000000000000000000000000000000000000000000000000000000000000000000000000000000000000000000000000000000000000,,6g5dkx3f,,0,0,0,0,0,0
1149,1,PVS 3,pothole_PVS3_frame_002103_0,refused,('0x62b244c0000000000000000000000000000000000000000000000000000000000000000000000000000000000000000000000000000000000000,,6g5dkx3f,,0,0,0,0,0,0
1150,1,PVS 3,pothole_PVS3_frame_002104_0,refused,('0x62b244c0000000000000000000000000000000000000000000000000000000000000000000000000000000000000000000000000000000000000,,6g5dkx3f,,0,0,0,0,0,0
1151,1,PVS 3,pothole_PVS3_frame_002105_0,refused,('0x62b244c0000000000000000000000000000000000000000000000000000000000000000000000000000000000000000000000000000000000000,,6g5dkx3f,,0,0,0,0,0,0
1152,1,PVS 3,pothole_PVS3_frame_002106_0,refused,('0x62b244c0000000000000000000000000000000000000000000000000000000000000000000000000000000000000000000000000000000000000,,6g5dkx3f,,0,0,0,0,0,0
1153,1,PVS 3,pothole_PVS3_frame_002107_0,refused,('0x62b244c0000000000000000000000000000000000000000000000000000000000000000000000000000000000000000000000000000000000000,,6g5dkx3f,,0,0,0,0,0,0
1154,1,PVS 3,pothole_PVS3_frame_002108_0,refused,('0x62b244c0000000000000000000000000000000000000000000000000000000000000000000000000000000000000000000000000000000000000,,6g5dkx3f,,0,0,0,0,0,0
1155,1,PVS 3,pothole_PVS3_frame_002110_0,refused,('0x62b244c0000000000000000000000000000000000000000000000000000000000000000000000000000000000000000000000000000000000000,,6g5dkx3f,,0,0,0,0,0,0
1156,1,PVS 3,pothole_PVS3_frame_002111_0,refused,('0x62b244c0000000000000000000000000000000000000000000000000000000000000000000000000000000000000000000000000000000000000,,6g5dkx3f,,0,0,0,0,0,0
1157,1,PVS 3,pothole_PVS3_frame_002112_0,refused,('0x62b244c0000000000000000000000000000000000000000000000000000000000000000000000000000000000000000000000000000000000000,,6g5dkx3f,,0,0,0,0,0,0
1158,1,PVS 3,pothole_PVS3_frame_002114_0,refused,('0x62b244c0000000000000000000000000000000000000000000000000000000000000000000000000000000000000000000000000000000000000,,6g5dkx3e,,0,0,0,0,0,0
1159,1,PVS 3,pothole_PVS3_frame_002115_0,refused,('0x62b244c0000000000000000000000000000000000000000000000000000000000000000000000000000000000000000000000000000000000000,,6g5dkx3e,,0,0,0,0,0,0
1160,1,PVS 3,pothole_PVS3_frame_002116_0,refused,('0x62b244c0000000000000000000000000000000000000000000000000000000000000000000000000000000000000000000000000000000000000,,6g5dkx3e,,0,0,0,0,0,0
1161,1,PVS 3,pothole_PVS3_frame_002117_0,refused,('0x62b244c0000000000000000000000000000000000000000000000000000000000000000000000000000000000000000000000000000000000000,,6g5dkx3e,,0,0,0,0,0,0
1162,1,PVS 3,pothole_PVS3_frame_002118_0,refused,('0x62b244c0000000000000000000000000000000000000000000000000000000000000000000000000000000000000000000000000000000000000,,6g5dkx3e,,0,0,0,0,0,0
1163,1,PVS 3,pothole_PVS3_frame_002123_0,refused,('0x62b244c0000000000000000000000000000000000000000000000000000000000000000000000000000000000000000000000000000000000000,,6g5dkx3e,,0,0,0,0,0,0
1164,1,PVS 3,pothole_PVS3_frame_002124_0,refused,('0x62b244c0000000000000000000000000000000000000000000000000000000000000000000000000000000000000000000000000000000000000,,6g5dkx3e,,0,0,0,0,0,0
1165,1,PVS 3,pothole_PVS3_frame_002206_0,refused,('0x62b244c0000000000000000000000000000000000000000000000000000000000000000000000000000000000000000000000000000000000000,,6g5dkx93,,0,0,0,0,0,0
1166,1,PVS 3,pothole_PVS3_frame_002213_0,refused,('0x62b244c0000000000000000000000000000000000000000000000000000000000000000000000000000000000000000000000000000000000000,,6g5dkx94,,0,0,0,0,0,0
1167,1,PVS 3,pothole_PVS3_frame_002214_0,refused,('0x62b244c0000000000000000000000000000000000000000000000000000000000000000000000000000000000000000000000000000000000000,,6g5dkx94,,0,0,0,0,0,0
1168,1,PVS 3,pothole_PVS3_frame_002223_0,refused,('0x62b244c0000000000000000000000000000000000000000000000000000000000000000000000000000000000000000000000000000000000000,,6g5dkx95,,0,0,0,0,0,0
1169,1,PVS 3,pothole_PVS3_frame_002272_0,refused,('0x62b244c0000000000000000000000000000000000000000000000000000000000000000000000000000000000000000000000000000000000000,,6g5dkx9h,,0,0,0,0,0,0
1170,1,PVS 3,pothole_PVS3_frame_002377_0,refused,('0x62b244c0000000000000000000000000000000000000000000000000000000000000000000000000000000000000000000000000000000000000,,6g5dkxf1,,0,0,0,0,0,0
1171,1,PVS 3,pothole_PVS3_frame_002378_0,refused,('0x62b244c0000000000000000000000000000000000000000000000000000000000000000000000000000000000000000000000000000000000000,,6g5dkxf1,,0,0,0,0,0,0
1172,1,PVS 3,pothole_PVS3_frame_002379_0,refused,('0x62b244c0000000000000000000000000000000000000000000000000000000000000000000000000000000000000000000000000000000000000,,6g5dkxf1,,0,0,0,0,0,0
1173,1,PVS 3,pothole_PVS3_frame_002382_0,refused,('0x62b244c0000000000000000000000000000000000000000000000000000000000000000000000000000000000000000000000000000000000000,,6g5dkxf1,,0,0,0,0,0,0
1174,1,PVS 3,pothole_PVS3_frame_002383_0,refused,('0x62b244c0000000000000000000000000000000000000000000000000000000000000000000000000000000000000000000000000000000000000,,6g5dkxf1,,0,0,0,0,0,0
1175,1,PVS 3,pothole_PVS3_frame_002385_0,refused,('0x62b244c0000000000000000000000000000000000000000000000000000000000000000000000000000000000000000000000000000000000000,,6g5dkxf1,,0,0,0,0,0,0
1176,1,PVS 3,pothole_PVS3_frame_002386_0,refused,('0x62b244c0000000000000000000000000000000000000000000000000000000000000000000000000000000000000000000000000000000000000,,6g5dkxf1,,0,0,0,0,0,0
1177,1,PVS 3,pothole_PVS3_frame_002387_0,refused,('0x62b244c0000000000000000000000000000000000000000000000000000000000000000000000000000000000000000000000000000000000000,,6g5dkxf1,,0,0,0,0,0,0
1178,1,PVS 3,pothole_PVS3_frame_002567_0,refused,('0x62b244c0000000000000000000000000000000000000000000000000000000000000000000000000000000000000000000000000000000000000,,6g5dkxeq,,0,0,0,0,0,0
1179,1,PVS 3,pothole_PVS3_frame_002617_0,refused,('0x62b244c0000000000000000000000000000000000000000000000000000000000000000000000000000000000000000000000000000000000000,,6g5dkxgd,,0,0,0,0,0,0
1180,1,PVS 3,pothole_PVS3_frame_002618_0,refused,('0x62b244c0000000000000000000000000000000000000000000000000000000000000000000000000000000000000000000000000000000000000,,6g5dkxgd,,0,0,0,0,0,0
1181,1,PVS 3,pothole_PVS3_frame_002619_0,refused,('0x62b244c0000000000000000000000000000000000000000000000000000000000000000000000000000000000000000000000000000000000000,,6g5dkxg7,,0,0,0,0,0,0
1182,1,PVS 3,pothole_PVS3_frame_002620_0,refused,('0x62b244c0000000000000000000000000000000000000000000000000000000000000000000000000000000000000000000000000000000000000,,6g5dkxg7,,0,0,0,0,0,0
1183,1,PVS 3,pothole_PVS3_frame_002621_0,refused,('0x62b244c0000000000000000000000000000000000000000000000000000000000000000000000000000000000000000000000000000000000000,,6g5dkxg7,,0,0,0,0,0,0
1184,1,PVS 3,pothole_PVS3_frame_002623_0,refused,('0x62b244c0000000000000000000000000000000000000000000000000000000000000000000000000000000000000000000000000000000000000,,6g5dkxg7,,0,0,0,0,0,0
1185,1,PVS 3,pothole_PVS3_frame_002624_0,refused,('0x62b244c0000000000000000000000000000000000000000000000000000000000000000000000000000000000000000000000000000000000000,,6g5dkxg7,,0,0,0,0,0,0
1186,1,PVS 3,pothole_PVS3_frame_002630_0,refused,('0x62b244c0000000000000000000000000000000000000000000000000000000000000000000000000000000000000000000000000000000000000,,6g5dkxgk,,0,0,0,0,0,0
1187,1,PVS 3,pothole_PVS3_frame_002631_0,refused,('0x62b244c0000000000000000000000000000000000000000000000000000000000000000000000000000000000000000000000000000000000000,,6g5dkxgk,,0,0,0,0,0,0
1188,1,PVS 3,pothole_PVS3_frame_002649_0,refused,('0x62b244c0000000000000000000000000000000000000000000000000000000000000000000000000000000000000000000000000000000000000,,6g5dkxgm,,0,0,0,0,0,0
1189,1,PVS 3,pothole_PVS3_frame_002650_0,refused,('0x62b244c0000000000000000000000000000000000000000000000000000000000000000000000000000000000000000000000000000000000000,,6g5dkxgm,,0,0,0,0,0,0
1190,1,PVS 3,pothole_PVS3_frame_002651_0,refused,('0x62b244c0000000000000000000000000000000000000000000000000000000000000000000000000000000000000000000000000000000000000,,6g5dkxgm,,0,0,0,0,0,0
1191,1,PVS 3,pothole_PVS3_frame_002652_0,refused,('0x62b244c0000000000000000000000000000000000000000000000000000000000000000000000000000000000000000000000000000000000000,,6g5dkxgm,,0,0,0,0,0,0
1192,1,PVS 3,pothole_PVS3_frame_002654_0,refused,('0x62b244c0000000000000000000000000000000000000000000000000000000000000000000000000000000000000000000000000000000000000,,6g5dkxgm,,0,0,0,0,0,0
1193,1,PVS 3,pothole_PVS3_frame_002655_0,refused,('0x62b244c0000000000000000000000000000000000000000000000000000000000000000000000000000000000000000000000000000000000000,,6g5dkxgm,,0,0,0,0,0,0
1194,1,PVS 3,pothole_PVS3_frame_002679_0,refused,('0x62b244c0000000000000000000000000000000000000000000000000000000000000000000000000000000000000000000000000000000000000,,6g5dkxgw,,0,0,0,0,0,0
1195,1,PVS 3,pothole_PVS3_frame_002688_0,refused,('0x62b244c0000000000000000000000000000000000000000000000000000000000000000000000000000000000000000000000000000000000000,,6g5dkxgw,,0,0,0,0,0,0
1196,1,PVS 3,pothole_PVS3_frame_002693_0,refused,('0x62b244c0000000000000000000000000000000000000000000000000000000000000000000000000000000000000000000000000000000000000,,6g5dkxgt,,0,0,0,0,0,0
1197,1,PVS 3,pothole_PVS3_frame_002694_0,refused,('0x62b244c0000000000000000000000000000000000000000000000000000000000000000000000000000000000000000000000000000000000000,,6g5dkxgt,,0,0,0,0,0,0
1198,1,PVS 3,pothole_PVS3_frame_002695_0,refused,('0x62b244c0000000000000000000000000000000000000000000000000000000000000000000000000000000000000000000000000000000000000,,6g5dkxgt,,0,0,0,0,0,0
1199,1,PVS 3,pothole_PVS3_frame_002696_0,refused,('0x62b244c0000000000000000000000000000000000000000000000000000000000000000000000000000000000000000000000000000000000000,,6g5dkxgt,,0,0,0,0,0,0
1200,1,PVS 3,pothole_PVS3_frame_002698_0,refused,('0x62b244c0000000000000000000000000000000000000000000000000000000000000000000000000000000000000000000000000000000000000,,6g5dkxgt,,0,0,0,0,0,0
1201,1,PVS 3,pothole_PVS3_frame_002700_0,refused,('0x62b244c0000000000000000000000000000000000000000000000000000000000000000000000000000000000000000000000000000000000000,,6g5dkxgt,,0,0,0,0,0,0
1202,1,PVS 3,pothole_PVS3_frame_002702_0,refused,('0x62b244c0000000000000000000000000000000000000000000000000000000000000000000000000000000000000000000000000000000000000,,6g5dkxgt,,0,0,0,0,0,0
1203,1,PVS 3,pothole_PVS3_frame_002703_0,refused,('0x62b244c0000000000000000000000000000000000000000000000000000000000000000000000000000000000000000000000000000000000000,,6g5dkxgt,,0,0,0,0,0,0
1204,1,PVS 3,pothole_PVS3_frame_002720_0,refused,('0x62b244c0000000000000000000000000000000000000000000000000000000000000000000000000000000000000000000000000000000000000,,6g5dkxgu,,0,0,0,0,0,0
1205,1,PVS 3,pothole_PVS3_frame_002721_0,refused,('0x62b244c0000000000000000000000000000000000000000000000000000000000000000000000000000000000000000000000000000000000000,,6g5dkxgu,,0,0,0,0,0,0
1206,1,PVS 3,pothole_PVS3_frame_002727_0,refused,('0x62b244c0000000000000000000000000000000000000000000000000000000000000000000000000000000000000000000000000000000000000,,6g5dkxgg,,0,0,0,0,0,0
1207,1,PVS 3,pothole_PVS3_frame_002738_0,refused,('0x62b244c0000000000000000000000000000000000000000000000000000000000000000000000000000000000000000000000000000000000000,,6g5dkxgf,,0,0,0,0,0,0
1208,1,PVS 3,pothole_PVS3_frame_002739_0,refused,('0x62b244c0000000000000000000000000000000000000000000000000000000000000000000000000000000000000000000000000000000000000,,6g5dkxgf,,0,0,0,0,0,0
1209,1,PVS 3,pothole_PVS3_frame_002740_0,refused,('0x62b244c0000000000000000000000000000000000000000000000000000000000000000000000000000000000000000000000000000000000000,,6g5dkxgf,,0,0,0,0,0,0
1210,1,PVS 3,pothole_PVS3_frame_002741_0,refused,('0x62b244c0000000000000000000000000000000000000000000000000000000000000000000000000000000000000000000000000000000000000,,6g5dkxgf,,0,0,0,0,0,0
1211,1,PVS 3,pothole_PVS3_frame_002743_0,refused,('0x62b244c0000000000000000000000000000000000000000000000000000000000000000000000000000000000000000000000000000000000000,,6g5dkxgf,,0,0,0,0,0,0
1212,1,PVS 3,pothole_PVS3_frame_002744_0,refused,('0x62b244c0000000000000000000000000000000000000000000000000000000000000000000000000000000000000000000000000000000000000,,6g5dkxgf,,0,0,0,0,0,0
1213,1,PVS 3,pothole_PVS3_frame_002745_0,refused,('0x62b244c0000000000000000000000000000000000000000000000000000000000000000000000000000000000000000000000000000000000000,,6g5dkxgc,,0,0,0,0,0,0
1214,1,PVS 3,pothole_PVS3_frame_002749_0,refused,('0x62b244c0000000000000000000000000000000000000000000000000000000000000000000000000000000000000000000000000000000000000,,6g5dkxgc,,0,0,0,0,0,0
1215,1,PVS 3,pothole_PVS3_frame_002750_0,refused,('0x62b244c0000000000000000000000000000000000000000000000000000000000000000000000000000000000000000000000000000000000000,,6g5dkxgc,,0,0,0,0,0,0
1216,1,PVS 3,pothole_PVS3_frame_002751_0,refused,('0x62b244c0000000000000000000000000000000000000000000000000000000000000000000000000000000000000000000000000000000000000,,6g5dkxgc,,0,0,0,0,0,0
1217,1,PVS 3,pothole_PVS3_frame_002752_0,refused,('0x62b244c0000000000000000000000000000000000000000000000000000000000000000000000000000000000000000000000000000000000000,,6g5dkxgc,,0,0,0,0,0,0
1218,1,PVS 3,pothole_PVS3_frame_002754_0,refused,('0x62b244c0000000000000000000000000000000000000000000000000000000000000000000000000000000000000000000000000000000000000,,6g5dkxgc,,0,0,0,0,0,0
1219,1,PVS 3,pothole_PVS3_frame_002755_0,refused,('0x62b244c0000000000000000000000000000000000000000000000000000000000000000000000000000000000000000000000000000000000000,,6g5dkxgc,,0,0,0,0,0,0
1220,1,PVS 3,pothole_PVS3_frame_002757_0,refused,('0x62b244c0000000000000000000000000000000000000000000000000000000000000000000000000000000000000000000000000000000000000,,6g5dkxgb,,0,0,0,0,0,0
1221,1,PVS 3,pothole_PVS3_frame_002758_0,refused,('0x62b244c0000000000000000000000000000000000000000000000000000000000000000000000000000000000000000000000000000000000000,,6g5dkxgb,,0,0,0,0,0,0
1222,1,PVS 3,pothole_PVS3_frame_002759_0,refused,('0x62b244c0000000000000000000000000000000000000000000000000000000000000000000000000000000000000000000000000000000000000,,6g5dkxgb,,0,0,0,0,0,0
1223,1,PVS 3,pothole_PVS3_frame_002760_0,refused,('0x62b244c0000000000000000000000000000000000000000000000000000000000000000000000000000000000000000000000000000000000000,,6g5dkxgb,,0,0,0,0,0,0
1224,1,PVS 3,pothole_PVS3_frame_002761_0,refused,('0x62b244c0000000000000000000000000000000000000000000000000000000000000000000000000000000000000000000000000000000000000,,6g5dkxgb,,0,0,0,0,0,0
1225,1,PVS 3,pothole_PVS3_frame_002762_0,refused,('0x62b244c0000000000000000000000000000000000000000000000000000000000000000000000000000000000000000000000000000000000000,,6g5dkxgb,,0,0,0,0,0,0
1226,1,PVS 3,pothole_PVS3_frame_002763_0,refused,('0x62b244c0000000000000000000000000000000000000000000000000000000000000000000000000000000000000000000000000000000000000,,6g5dkxgb,,0,0,0,0,0,0
1227,1,PVS 3,pothole_PVS3_frame_002764_0,refused,('0x62b244c0000000000000000000000000000000000000000000000000000000000000000000000000000000000000000000000000000000000000,,6g5dkxgb,,0,0,0,0,0,0
1228,1,PVS 3,pothole_PVS3_frame_002765_0,refused,('0x62b244c0000000000000000000000000000000000000000000000000000000000000000000000000000000000000000000000000000000000000,,6g5dkxgb,,0,0,0,0,0,0
1229,1,PVS 3,pothole_PVS3_frame_002766_0,refused,('0x62b244c0000000000000000000000000000000000000000000000000000000000000000000000000000000000000000000000000000000000000,,6g5dkxgb,,0,0,0,0,0,0
1230,1,PVS 3,pothole_PVS3_frame_002767_0,refused,('0x62b244c0000000000000000000000000000000000000000000000000000000000000000000000000000000000000000000000000000000000000,,6g5dkxgb,,0,0,0,0,0,0
1231,1,PVS 3,pothole_PVS3_frame_002773_0,refused,('0x62b244c0000000000000000000000000000000000000000000000000000000000000000000000000000000000000000000000000000000000000,,6g5dkxez,,0,0,0,0,0,0
1232,1,PVS 3,pothole_PVS3_frame_002774_0,refused,('0x62b244c0000000000000000000000000000000000000000000000000000000000000000000000000000000000000000000000000000000000000,,6g5dkxez,,0,0,0,0,0,0
1233,1,PVS 3,pothole_PVS3_frame_002776_0,refused,('0x62b244c0000000000000000000000000000000000000000000000000000000000000000000000000000000000000000000000000000000000000,,6g5dkxez,,0,0,0,0,0,0
1234,1,PVS 3,pothole_PVS3_frame_002778_0,refused,('0x62b244c0000000000000000000000000000000000000000000000000000000000000000000000000000000000000000000000000000000000000,,6g5dkxez,,0,0,0,0,0,0
1235,1,PVS 3,pothole_PVS3_frame_002778_1,refused,('0x62b244c0000000000000000000000000000000000000000000000000000000000000000000000000000000000000000000000000000000000000,,6g5dkxez,,0,0,0,0,0,0
1236,1,PVS 3,pothole_PVS3_frame_002780_0,refused,('0x62b244c0000000000000000000000000000000000000000000000000000000000000000000000000000000000000000000000000000000000000,,6g5dkxsp,,0,0,0,0,0,0
1237,1,PVS 3,pothole_PVS3_frame_002782_0,refused,('0x62b244c0000000000000000000000000000000000000000000000000000000000000000000000000000000000000000000000000000000000000,,6g5dkxsp,,0,0,0,0,0,0
1238,1,PVS 3,pothole_PVS3_frame_002783_0,refused,('0x62b244c0000000000000000000000000000000000000000000000000000000000000000000000000000000000000000000000000000000000000,,6g5dkxsn,,0,0,0,0,0,0
1239,1,PVS 3,pothole_PVS3_frame_002784_0,refused,('0x62b244c0000000000000000000000000000000000000000000000000000000000000000000000000000000000000000000000000000000000000,,6g5dkxsn,,0,0,0,0,0,0
1240,1,PVS 3,pothole_PVS3_frame_002785_0,refused,('0x62b244c0000000000000000000000000000000000000000000000000000000000000000000000000000000000000000000000000000000000000,,6g5dkxsn,,0,0,0,0,0,0
1241,1,PVS 3,pothole_PVS3_frame_002786_0,refused,('0x62b244c0000000000000000000000000000000000000000000000000000000000000000000000000000000000000000000000000000000000000,,6g5dkxsn,,0,0,0,0,0,0
1242,1,PVS 3,pothole_PVS3_frame_002787_0,refused,('0x62b244c0000000000000000000000000000000000000000000000000000000000000000000000000000000000000000000000000000000000000,,6g5dkxsn,,0,0,0,0,0,0
1243,1,PVS 3,pothole_PVS3_frame_002788_0,refused,('0x62b244c0000000000000000000000000000000000000000000000000000000000000000000000000000000000000000000000000000000000000,,6g5dkxsn,,0,0,0,0,0,0
1244,1,PVS 3,pothole_PVS3_frame_002790_0,refused,('0x62b244c0000000000000000000000000000000000000000000000000000000000000000000000000000000000000000000000000000000000000,,6g5dkxsn,,0,0,0,0,0,0
1245,1,PVS 3,pothole_PVS3_frame_002805_0,refused,('0x62b244c0000000000000000000000000000000000000000000000000000000000000000000000000000000000000000000000000000000000000,,6g5dkxsq,,0,0,0,0,0,0
1246,1,PVS 3,pothole_PVS3_frame_002806_0,refused,('0x62b244c0000000000000000000000000000000000000000000000000000000000000000000000000000000000000000000000000000000000000,,6g5dkxsq,,0,0,0,0,0,0
1247,1,PVS 3,pothole_PVS3_frame_002808_0,refused,('0x62b244c0000000000000000000000000000000000000000000000000000000000000000000000000000000000000000000000000000000000000,,6g5dkxsq,,0,0,0,0,0,0
1248,1,PVS 3,pothole_PVS3_frame_002809_0,refused,('0x62b244c0000000000000000000000000000000000000000000000000000000000000000000000000000000000000000000000000000000000000,,6g5dkxsq,,0,0,0,0,0,0
1249,1,PVS 3,pothole_PVS3_frame_002811_0,refused,('0x62b244c0000000000000000000000000000000000000000000000000000000000000000000000000000000000000000000000000000000000000,,6g5dkxsq,,0,0,0,0,0,0
1250,1,PVS 3,pothole_PVS3_frame_002814_0,refused,('0x62b244c0000000000000000000000000000000000000000000000000000000000000000000000000000000000000000000000000000000000000,,6g5dkxsq,,0,0,0,0,0,0
1251,1,PVS 3,pothole_PVS3_frame_002814_1,refused,('0x62b244c0000000000000000000000000000000000000000000000000000000000000000000000000000000000000000000000000000000000000,,6g5dkxsq,,0,0,0,0,0,0
1252,1,PVS 3,pothole_PVS3_frame_002815_0,refused,('0x62b244c0000000000000000000000000000000000000000000000000000000000000000000000000000000000000000000000000000000000000,,6g5dkxsq,,0,0,0,0,0,0
1253,1,PVS 3,pothole_PVS3_frame_002818_0,refused,('0x62b244c0000000000000000000000000000000000000000000000000000000000000000000000000000000000000000000000000000000000000,,6g5dkxsw,,0,0,0,0,0,0
1254,1,PVS 3,pothole_PVS3_frame_002822_0,refused,('0x62b244c0000000000000000000000000000000000000000000000000000000000000000000000000000000000000000000000000000000000000,,6g5dkxsw,,0,0,0,0,0,0
1255,1,PVS 3,pothole_PVS3_frame_002824_0,refused,('0x62b244c0000000000000000000000000000000000000000000000000000000000000000000000000000000000000000000000000000000000000,,6g5dkxsw,,0,0,0,0,0,0
1256,1,PVS 3,pothole_PVS3_frame_002826_0,refused,('0x62b244c0000000000000000000000000000000000000000000000000000000000000000000000000000000000000000000000000000000000000,,6g5dkxsw,,0,0,0,0,0,0
1257,1,PVS 3,pothole_PVS3_frame_002831_0,refused,('0x62b244c0000000000000000000000000000000000000000000000000000000000000000000000000000000000000000000000000000000000000,,6g5dkxsy,,0,0,0,0,0,0
1258,1,PVS 3,pothole_PVS3_frame_002832_0,refused,('0x62b244c0000000000000000000000000000000000000000000000000000000000000000000000000000000000000000000000000000000000000,,6g5dkxsy,,0,0,0,0,0,0
1259,1,PVS 3,pothole_PVS3_frame_002836_0,refused,('0x62b244c0000000000000000000000000000000000000000000000000000000000000000000000000000000000000000000000000000000000000,,6g5dkxsy,,0,0,0,0,0,0
1260,1,PVS 3,pothole_PVS3_frame_002840_0,refused,('0x62b244c0000000000000000000000000000000000000000000000000000000000000000000000000000000000000000000000000000000000000,,6g5dkxsy,,0,0,0,0,0,0
1261,1,PVS 3,pothole_PVS3_frame_002843_0,refused,('0x62b244c0000000000000000000000000000000000000000000000000000000000000000000000000000000000000000000000000000000000000,,6g5dkxtn,,0,0,0,0,0,0
1262,1,PVS 3,pothole_PVS3_frame_002844_0,refused,('0x62b244c0000000000000000000000000000000000000000000000000000000000000000000000000000000000000000000000000000000000000,,6g5dkxtn,,0,0,0,0,0,0
1263,1,PVS 3,pothole_PVS3_frame_002845_0,refused,('0x62b244c0000000000000000000000000000000000000000000000000000000000000000000000000000000000000000000000000000000000000,,6g5dkxtn,,0,0,0,0,0,0
1264,1,PVS 3,pothole_PVS3_frame_002849_0,refused,('0x62b244c0000000000000000000000000000000000000000000000000000000000000000000000000000000000000000000000000000000000000,,6g5dkxtp,,0,0,0,0,0,0
1265,1,PVS 3,pothole_PVS3_frame_002851_0,refused,('0x62b244c0000000000000000000000000000000000000000000000000000000000000000000000000000000000000000000000000000000000000,,6g5dkxtp,,0,0,0,0,0,0
1266,1,PVS 3,pothole_PVS3_frame_002852_0,refused,('0x62b244c0000000000000000000000000000000000000000000000000000000000000000000000000000000000000000000000000000000000000,,6g5dkxtp,,0,0,0,0,0,0
1267,1,PVS 3,pothole_PVS3_frame_002856_0,refused,('0x62b244c0000000000000000000000000000000000000000000000000000000000000000000000000000000000000000000000000000000000000,,6g5dkxtp,,0,0,0,0,0,0
1268,1,PVS 3,pothole_PVS3_frame_002863_0,refused,('0x62b244c0000000000000000000000000000000000000000000000000000000000000000000000000000000000000000000000000000000000000,,6g5dkxtr,,0,0,0,0,0,0
1269,1,PVS 3,pothole_PVS3_frame_002864_0,refused,('0x62b244c0000000000000000000000000000000000000000000000000000000000000000000000000000000000000000000000000000000000000,,6g5dkxtr,,0,0,0,0,0,0
1270,1,PVS 3,pothole_PVS3_frame_002868_0,refused,('0x62b244c0000000000000000000000000000000000000000000000000000000000000000000000000000000000000000000000000000000000000,,6g5dkxtr,,0,0,0,0,0,0
1271,1,PVS 3,pothole_PVS3_frame_002872_0,refused,('0x62b244c0000000000000000000000000000000000000000000000000000000000000000000000000000000000000000000000000000000000000,,6g5dkxtw,,0,0,0,0,0,0
1272,1,PVS 3,pothole_PVS3_frame_002873_0,refused,('0x62b244c0000000000000000000000000000000000000000000000000000000000000000000000000000000000000000000000000000000000000,,6g5dkxtw,,0,0,0,0,0,0
1273,1,PVS 3,pothole_PVS3_frame_002906_0,refused,('0x62b244c0000000000000000000000000000000000000000000000000000000000000000000000000000000000000000000000000000000000000,,6g5dkxwh,,0,0,0,0,0,0
1274,1,PVS 3,pothole_PVS3_frame_002956_0,refused,('0x62b244c0000000000000000000000000000000000000000000000000000000000000000000000000000000000000000000000000000000000000,,6g5dkxqz,,0,0,0,0,0,0
1275,1,PVS 3,pothole_PVS3_frame_002958_0,refused,('0x62b244c0000000000000000000000000000000000000000000000000000000000000000000000000000000000000000000000000000000000000,,6g5dkxqz,,0,0,0,0,0,0
1276,1,PVS 3,pothole_PVS3_frame_002959_0,refused,('0x62b244c0000000000000000000000000000000000000000000000000000000000000000000000000000000000000000000000000000000000000,,6g5dkxqz,,0,0,0,0,0,0
1277,1,PVS 3,pothole_PVS3_frame_002960_0,refused,('0x62b244c0000000000000000000000000000000000000000000000000000000000000000000000000000000000000000000000000000000000000,,6g5dkxqz,,0,0,0,0,0,0
1278,1,PVS 3,pothole_PVS3_frame_002961_0,refused,('0x62b244c0000000000000000000000000000000000000000000000000000000000000000000000000000000000000000000000000000000000000,,6g5dkxqy,,0,0,0,0,0,0
1279,1,PVS 3,pothole_PVS3_frame_002963_0,refused,('0x62b244c0000000000000000000000000000000000000000000000000000000000000000000000000000000000000000000000000000000000000,,6g5dkxqy,,0,0,0,0,0,0
1280,1,PVS 3,pothole_PVS3_frame_003124_0,refused,('0x62b244c0000000000000000000000000000000000000000000000000000000000000000000000000000000000000000000000000000000000000,,6g5dkz6f,,0,0,0,0,0,0
1281,2,PVS 6,pothole_PVS6_frame_000101_0,refused,('0x62b244c0000000000000000000000000000000000000000000000000000000000000000000000000000000000000000000000000000000000000,1,6g5dm4nu,,0,0,0,0,0,0
1282,2,PVS 6,pothole_PVS6_frame_000427_0,refused,('0x62b244c0000000000000000000000000000000000000000000000000000000000000000000000000000000000000000000000000000000000000,,6g5dkuxk,,0,0,0,0,0,0
1283,2,PVS 6,pothole_PVS6_frame_000428_0,refused,('0x62b244c0000000000000000000000000000000000000000000000000000000000000000000000000000000000000000000000000000000000000,,6g5dkuxk,,0,0,0,0,0,0
1284,2,PVS 6,pothole_PVS6_frame_000475_0,refused,('0x62b244c0000000000000000000000000000000000000000000000000000000000000000000000000000000000000000000000000000000000000,,6g5dkvng,,0,0,0,0,0,0
1285,2,PVS 6,pothole_PVS6_frame_000482_0,refused,('0x62b244c0000000000000000000000000000000000000000000000000000000000000000000000000000000000000000000000000000000000000,,6g5dkvnt,,0,0,0,0,0,0
1286,2,PVS 6,pothole_PVS6_frame_000483_0,refused,('0x62b244c0000000000000000000000000000000000000000000000000000000000000000000000000000000000000000000000000000000000000,,6g5dkvnt,,0,0,0,0,0,0
1287,2,PVS 6,pothole_PVS6_frame_000514_0,refused,('0x62b244c0000000000000000000000000000000000000000000000000000000000000000000000000000000000000000000000000000000000000,,6g5dkvmy,,0,0,0,0,0,0
1288,2,PVS 6,pothole_PVS6_frame_000977_0,refused,('0x62b244c0000000000000000000000000000000000000000000000000000000000000000000000000000000000000000000000000000000000000,,6g5dky69,,0,0,0,0,0,0
1289,2,PVS 6,pothole_PVS6_frame_000978_0,refused,('0x62b244c0000000000000000000000000000000000000000000000000000000000000000000000000000000000000000000000000000000000000,,6g5dky69,,0,0,0,0,0,0
1290,2,PVS 6,pothole_PVS6_frame_001044_0,refused,('0x62b244c0000000000000000000000000000000000000000000000000000000000000000000000000000000000000000000000000000000000000,,6g5dky6h,,0,0,0,0,0,0
1291,2,PVS 6,pothole_PVS6_frame_001413_0,refused,('0x62b244c0000000000000000000000000000000000000000000000000000000000000000000000000000000000000000000000000000000000000,,6g5dkwwx,,0,0,0,0,0,0
1292,2,PVS 6,pothole_PVS6_frame_001551_0,refused,('0x62b244c0000000000000000000000000000000000000000000000000000000000000000000000000000000000000000000000000000000000000,,6g5dkwvs,,0,0,0,0,0,0
1293,2,PVS 6,pothole_PVS6_frame_001553_0,refused,('0x62b244c0000000000000000000000000000000000000000000000000000000000000000000000000000000000000000000000000000000000000,,6g5dkwvs,,0,0,0,0,0,0
1294,2,PVS 6,pothole_PVS6_frame_001556_0,refused,('0x62b244c0000000000000000000000000000000000000000000000000000000000000000000000000000000000000000000000000000000000000,,6g5dkwvt,,0,0,0,0,0,0
1295,2,PVS 6,pothole_PVS6_frame_001579_0,refused,('0x62b244c0000000000000000000000000000000000000000000000000000000000000000000000000000000000000000000000000000000000000,,6g5dkwvw,,0,0,0,0,0,0
1296,2,PVS 6,pothole_PVS6_frame_001580_0,refused,('0x62b244c0000000000000000000000000000000000000000000000000000000000000000000000000000000000000000000000000000000000000,,6g5dkwvw,,0,0,0,0,0,0
1297,2,PVS 6,pothole_PVS6_frame_001581_0,refused,('0x62b244c0000000000000000000000000000000000000000000000000000000000000000000000000000000000000000000000000000000000000,,6g5dkwvq,,0,0,0,0,0,0
1298,2,PVS 6,pothole_PVS6_frame_001582_0,refused,('0x62b244c0000000000000000000000000000000000000000000000000000000000000000000000000000000000000000000000000000000000000,,6g5dkwvq,,0,0,0,0,0,0
1299,2,PVS 6,pothole_PVS6_frame_001587_0,refused,('0x62b244c0000000000000000000000000000000000000000000000000000000000000000000000000000000000000000000000000000000000000,,6g5dkwvq,,0,0,0,0,0,0
1300,2,PVS 6,pothole_PVS6_frame_001588_0,refused,('0x62b244c0000000000000000000000000000000000000000000000000000000000000000000000000000000000000000000000000000000000000,,6g5dkwvq,,0,0,0,0,0,0
1301,2,PVS 6,pothole_PVS6_frame_001589_0,refused,('0x62b244c0000000000000000000000000000000000000000000000000000000000000000000000000000000000000000000000000000000000000,,6g5dkwvq,,0,0,0,0,0,0
1302,2,PVS 6,pothole_PVS6_frame_001621_0,refused,('0x62b244c0000000000000000000000000000000000000000000000000000000000000000000000000000000000000000000000000000000000000,,6g5dkxj2,,0,0,0,0,0,0
1303,2,PVS 6,pothole_PVS6_frame_001629_0,refused,('0x62b244c0000000000000000000000000000000000000000000000000000000000000000000000000000000000000000000000000000000000000,,6g5dkxj0,,0,0,0,0,0,0
1304,2,PVS 6,pothole_PVS6_frame_001632_0,refused,('0x62b244c0000000000000000000000000000000000000000000000000000000000000000000000000000000000000000000000000000000000000,,6g5dkxj1,,0,0,0,0,0,0
1305,2,PVS 6,pothole_PVS6_frame_001638_0,refused,('0x62b244c0000000000000000000000000000000000000000000000000000000000000000000000000000000000000000000000000000000000000,,6g5dkxj1,,0,0,0,0,0,0
1306,2,PVS 6,pothole_PVS6_frame_001639_0,refused,('0x62b244c0000000000000000000000000000000000000000000000000000000000000000000000000000000000000000000000000000000000000,,6g5dkxj1,,0,0,0,0,0,0
1307,2,PVS 6,pothole_PVS6_frame_001641_0,refused,('0x62b244c0000000000000000000000000000000000000000000000000000000000000000000000000000000000000000000000000000000000000,,6g5dkxj1,,0,0,0,0,0,0
1308,2,PVS 6,pothole_PVS6_frame_001652_0,refused,('0x62b244c0000000000000000000000000000000000000000000000000000000000000000000000000000000000000000000000000000000000000,,6g5dkxhf,,0,0,0,0,0,0
1309,2,PVS 6,pothole_PVS6_frame_001654_0,refused,('0x62b244c0000000000000000000000000000000000000000000000000000000000000000000000000000000000000000000000000000000000000,,6g5dkxhf,,0,0,0,0,0,0
1310,2,PVS 6,pothole_PVS6_frame_001658_0,refused,('0x62b244c0000000000000000000000000000000000000000000000000000000000000000000000000000000000000000000000000000000000000,,6g5dkxhf,,0,0,0,0,0,0
1311,2,PVS 6,pothole_PVS6_frame_001693_0,refused,('0x62b244c0000000000000000000000000000000000000000000000000000000000000000000000000000000000000000000000000000000000000,,6g5dkxhs,,0,0,0,0,0,0
1312,2,PVS 6,pothole_PVS6_frame_001695_0,refused,('0x62b244c0000000000000000000000000000000000000000000000000000000000000000000000000000000000000000000000000000000000000,,6g5dkxhs,,0,0,0,0,0,0
1313,2,PVS 6,pothole_PVS6_frame_001696_0,refused,('0x62b244c0000000000000000000000000000000000000000000000000000000000000000000000000000000000000000000000000000000000000,,6g5dkxhs,,0,0,0,0,0,0
1314,2,PVS 6,pothole_PVS6_frame_001697_0,refused,('0x62b244c0000000000000000000000000000000000000000000000000000000000000000000000000000000000000000000000000000000000000,,6g5dkxhs,,0,0,0,0,0,0
1315,2,PVS 6,pothole_PVS6_frame_001698_0,refused,('0x62b244c0000000000000000000000000000000000000000000000000000000000000000000000000000000000000000000000000000000000000,,6g5dkxhs,,0,0,0,0,0,0
1316,2,PVS 6,pothole_PVS6_frame_001699_0,refused,('0x62b244c0000000000000000000000000000000000000000000000000000000000000000000000000000000000000000000000000000000000000,,6g5dkxhs,,0,0,0,0,0,0
1317,2,PVS 6,pothole_PVS6_frame_001699_1,refused,('0x62b244c0000000000000000000000000000000000000000000000000000000000000000000000000000000000000000000000000000000000000,,6g5dkxhs,,0,0,0,0,0,0
1318,2,PVS 6,pothole_PVS6_frame_001700_0,refused,('0x62b244c0000000000000000000000000000000000000000000000000000000000000000000000000000000000000000000000000000000000000,,6g5dkxhs,,0,0,0,0,0,0
1319,2,PVS 6,pothole_PVS6_frame_001700_1,refused,('0x62b244c0000000000000000000000000000000000000000000000000000000000000000000000000000000000000000000000000000000000000,,6g5dkxhs,,0,0,0,0,0,0
1320,2,PVS 6,pothole_PVS6_frame_001701_0,refused,('0x62b244c0000000000000000000000000000000000000000000000000000000000000000000000000000000000000000000000000000000000000,,6g5dkxhs,,0,0,0,0,0,0
1321,2,PVS 6,pothole_PVS6_frame_001701_1,refused,('0x62b244c0000000000000000000000000000000000000000000000000000000000000000000000000000000000000000000000000000000000000,,6g5dkxhs,,0,0,0,0,0,0
1322,2,PVS 6,pothole_PVS6_frame_001702_0,refused,('0x62b244c0000000000000000000000000000000000000000000000000000000000000000000000000000000000000000000000000000000000000,,6g5dkxht,,0,0,0,0,0,0
1323,2,PVS 6,pothole_PVS6_frame_001703_0,refused,('0x62b244c0000000000000000000000000000000000000000000000000000000000000000000000000000000000000000000000000000000000000,,6g5dkxht,,0,0,0,0,0,0
1324,2,PVS 6,pothole_PVS6_frame_001704_0,refused,('0x62b244c0000000000000000000000000000000000000000000000000000000000000000000000000000000000000000000000000000000000000,,6g5dkxht,,0,0,0,0,0,0
1325,2,PVS 6,pothole_PVS6_frame_001706_0,refused,('0x62b244c0000000000000000000000000000000000000000000000000000000000000000000000000000000000000000000000000000000000000,,6g5dkxhm,,0,0,0,0,0,0
1326,2,PVS 6,pothole_PVS6_frame_001726_0,refused,('0x62b244c0000000000000000000000000000000000000000000000000000000000000000000000000000000000000000000000000000000000000,,6g5dkxhm,,0,0,0,0,0,0
1327,2,PVS 6,pothole_PVS6_frame_001741_0,refused,('0x62b244c0000000000000000000000000000000000000000000000000000000000000000000000000000000000000000000000000000000000000,,6g5dkxhj,,0,0,0,0,0,0
1328,2,PVS 6,pothole_PVS6_frame_001745_0,refused,('0x62b244c0000000000000000000000000000000000000000000000000000000000000000000000000000000000000000000000000000000000000,,6g5dkxhj,,0,0,0,0,0,0
1329,2,PVS 6,pothole_PVS6_frame_001747_0,refused,('0x62b244c0000000000000000000000000000000000000000000000000000000000000000000000000000000000000000000000000000000000000,,6g5dkxhj,,0,0,0,0,0,0
1330,2,PVS 6,pothole_PVS6_frame_001748_0,refused,('0x62b244c0000000000000000000000000000000000000000000000000000000000000000000000000000000000000000000000000000000000000,,6g5dkxhj,,0,0,0,0,0,0
1331,2,PVS 6,pothole_PVS6_frame_001750_0,refused,('0x62b244c0000000000000000000000000000000000000000000000000000000000000000000000000000000000000000000000000000000000000,,6g5dkx5v,,0,0,0,0,0,0
1332,2,PVS 6,pothole_PVS6_frame_001751_0,refused,('0x62b244c0000000000000000000000000000000000000000000000000000000000000000000000000000000000000000000000000000000000000,,6g5dkx5v,,0,0,0,0,0,0
1333,2,PVS 6,pothole_PVS6_frame_001755_0,refused,('0x62b244c0000000000000000000000000000000000000000000000000000000000000000000000000000000000000000000000000000000000000,,6g5dkx5v,,0,0,0,0,0,0
1334,2,PVS 6,pothole_PVS6_frame_001756_0,refused,('0x62b244c0000000000000000000000000000000000000000000000000000000000000000000000000000000000000000000000000000000000000,,6g5dkx5v,,0,0,0,0,0,0
1335,2,PVS 6,pothole_PVS6_frame_001765_0,refused,('0x62b244c0000000000000000000000000000000000000000000000000000000000000000000000000000000000000000000000000000000000000,,6g5dkx5v,,0,0,0,0,0,0
1336,2,PVS 6,pothole_PVS6_frame_001773_0,refused,('0x62b244c0000000000000000000000000000000000000000000000000000000000000000000000000000000000000000000000000000000000000,,6g5dkx5t,,0,0,0,0,0,0
1337,2,PVS 6,pothole_PVS6_frame_001778_0,refused,('0x62b244c0000000000000000000000000000000000000000000000000000000000000000000000000000000000000000000000000000000000000,,6g5dkx5t,,0,0,0,0,0,0
1338,2,PVS 6,pothole_PVS6_frame_001786_0,refused,('0x62b244c0000000000000000000000000000000000000000000000000000000000000000000000000000000000000000000000000000000000000,,6g5dkx5t,,0,0,0,0,0,0
1339,2,PVS 6,pothole_PVS6_frame_001786_1,refused,('0x62b244c0000000000000000000000000000000000000000000000000000000000000000000000000000000000000000000000000000000000000,,6g5dkx5t,,0,0,0,0,0,0
1340,2,PVS 6,pothole_PVS6_frame_001789_0,refused,('0x62b244c0000000000000000000000000000000000000000000000000000000000000000000000000000000000000000000000000000000000000,,6g5dkx5s,,0,0,0,0,0,0
1341,2,PVS 6,pothole_PVS6_frame_001796_0,refused,('0x62b244c0000000000000000000000000000000000000000000000000000000000000000000000000000000000000000000000000000000000000,,6g5dkx5k,,0,0,0,0,0,0
1342,2,PVS 6,pothole_PVS6_frame_001797_0,refused,('0x62b244c0000000000000000000000000000000000000000000000000000000000000000000000000000000000000000000000000000000000000,,6g5dkx5k,,0,0,0,0,0,0
1343,2,PVS 6,pothole_PVS6_frame_001824_0,refused,('0x62b244c0000000000000000000000000000000000000000000000000000000000000000000000000000000000000000000000000000000000000,,6g5dkx5h,,0,0,0,0,0,0
1344,2,PVS 6,pothole_PVS6_frame_001834_0,refused,('0x62b244c0000000000000000000000000000000000000000000000000000000000000000000000000000000000000000000000000000000000000,,6g5dkx4u,,0,0,0,0,0,0
1345,2,PVS 6,pothole_PVS6_frame_001838_0,refused,('0x62b244c0000000000000000000000000000000000000000000000000000000000000000000000000000000000000000000000000000000000000,,6g5dkx4u,,0,0,0,0,0,0
1346,2,PVS 6,pothole_PVS6_frame_001841_0,refused,('0x62b244c0000000000000000000000000000000000000000000000000000000000000000000000000000000000000000000000000000000000000,,6g5dkx4u,,0,0,0,0,0,0
1347,2,PVS 6,pothole_PVS6_frame_001842_0,refused,('0x62b244c0000000000000000000000000000000000000000000000000000000000000000000000000000000000000000000000000000000000000,,6g5dkx4u,,0,0,0,0,0,0
1348,2,PVS 6,pothole_PVS6_frame_001844_0,refused,('0x62b244c0000000000000000000000000000000000000000000000000000000000000000000000000000000000000000000000000000000000000,,6g5dkx4u,,0,0,0,0,0,0
1349,2,PVS 6,pothole_PVS6_frame_001846_0,refused,('0x62b244c0000000000000000000000000000000000000000000000000000000000000000000000000000000000000000000000000000000000000,,6g5dkx4u,,0,0,0,0,0,0
1350,2,PVS 6,pothole_PVS6_frame_001849_0,refused,('0x62b244c0000000000000000000000000000000000000000000000000000000000000000000000000000000000000000000000000000000000000,,6g5dkx4u,,0,0,0,0,0,0
1351,2,PVS 6,pothole_PVS6_frame_001850_0,refused,('0x62b244c0000000000000000000000000000000000000000000000000000000000000000000000000000000000000000000000000000000000000,,6g5dkx4u,,0,0,0,0,0,0
1352,2,PVS 6,pothole_PVS6_frame_001854_0,refused,('0x62b244c0000000000000000000000000000000000000000000000000000000000000000000000000000000000000000000000000000000000000,,6g5dkx4s,,0,0,0,0,0,0
1353,2,PVS 6,pothole_PVS6_frame_001864_0,refused,('0x62b244c0000000000000000000000000000000000000000000000000000000000000000000000000000000000000000000000000000000000000,,6g5dkx4t,,0,0,0,0,0,0
1354,2,PVS 6,pothole_PVS6_frame_001865_0,refused,('0x62b244c0000000000000000000000000000000000000000000000000000000000000000000000000000000000000000000000000000000000000,,6g5dkx4t,,0,0,0,0,0,0
1355,2,PVS 6,pothole_PVS6_frame_001866_0,refused,('0x62b244c0000000000000000000000000000000000000000000000000000000000000000000000000000000000000000000000000000000000000,,6g5dkx4t,,0,0,0,0,0,0
1356,2,PVS 6,pothole_PVS6_frame_001877_0,refused,('0x62b244c0000000000000000000000000000000000000000000000000000000000000000000000000000000000000000000000000000000000000,,6g5dkx4m,,0,0,0,0,0,0
1357,2,PVS 6,pothole_PVS6_frame_001879_0,refused,('0x62b244c0000000000000000000000000000000000000000000000000000000000000000000000000000000000000000000000000000000000000,,6g5dkx4m,,0,0,0,0,0,0
1358,2,PVS 6,pothole_PVS6_frame_001883_0,refused,('0x62b244c0000000000000000000000000000000000000000000000000000000000000000000000000000000000000000000000000000000000000,,6g5dkx4m,,0,0,0,0,0,0
1359,2,PVS 6,pothole_PVS6_frame_001885_0,refused,('0x62b244c0000000000000000000000000000000000000000000000000000000000000000000000000000000000000000000000000000000000000,,6g5dkx4m,,0,0,0,0,0,0
1360,2,PVS 6,pothole_PVS6_frame_001885_1,refused,('0x62b244c0000000000000000000000000000000000000000000000000000000000000000000000000000000000000000000000000000000000000,,6g5dkx4m,,0,0,0,0,0,0
1361,2,PVS 6,pothole_PVS6_frame_001909_0,refused,('0x62b244c0000000000000000000000000000000000000000000000000000000000000000000000000000000000000000000000000000000000000,,6g5dkx4n,,0,0,0,0,0,0
1362,2,PVS 6,pothole_PVS6_frame_001913_0,refused,('0x62b244c0000000000000000000000000000000000000000000000000000000000000000000000000000000000000000000000000000000000000,,6g5dkx4n,,0,0,0,0,0,0
1363,2,PVS 6,pothole_PVS6_frame_001917_0,refused,('0x62b244c0000000000000000000000000000000000000000000000000000000000000000000000000000000000000000000000000000000000000,,6g5dkx1y,,0,0,0,0,0,0
1364,2,PVS 6,pothole_PVS6_frame_001967_0,refused,('0x62b244c0000000000000000000000000000000000000000000000000000000000000000000000000000000000000000000000000000000000000,,6g5dkx3f,,0,0,0,0,0,0
1365,2,PVS 6,pothole_PVS6_frame_001973_0,refused,('0x62b244c0000000000000000000000000000000000000000000000000000000000000000000000000000000000000000000000000000000000000,,6g5dkx3d,,0,0,0,0,0,0
1366,2,PVS 6,pothole_PVS6_frame_001976_0,refused,('0x62b244c0000000000000000000000000000000000000000000000000000000000000000000000000000000000000000000000000000000000000,,6g5dkx3d,,0,0,0,0,0,0
1367,2,PVS 6,pothole_PVS6_frame_001977_0,refused,('0x62b244c0000000000000000000000000000000000000000000000000000000000000000000000000000000000000000000000000000000000000,,6g5dkx3d,,0,0,0,0,0,0
1368,2,PVS 6,pothole_PVS6_frame_001980_0,refused,('0x62b244c0000000000000000000000000000000000000000000000000000000000000000000000000000000000000000000000000000000000000,,6g5dkx3e,,0,0,0,0,0,0
1369,2,PVS 6,pothole_PVS6_frame_001982_0,refused,('0x62b244c0000000000000000000000000000000000000000000000000000000000000000000000000000000000000000000000000000000000000,,6g5dkx3e,,0,0,0,0,0,0
1370,2,PVS 6,pothole_PVS6_frame_001983_0,refused,('0x62b244c0000000000000000000000000000000000000000000000000000000000000000000000000000000000000000000000000000000000000,,6g5dkx3e,,0,0,0,0,0,0
1371,2,PVS 6,pothole_PVS6_frame_002014_0,refused,('0x62b244c0000000000000000000000000000000000000000000000000000000000000000000000000000000000000000000000000000000000000,,6g5dkx3w,,0,0,0,0,0,0
1372,2,PVS 6,pothole_PVS6_frame_002014_1,refused,('0x62b244c0000000000000000000000000000000000000000000000000000000000000000000000000000000000000000000000000000000000000,,6g5dkx3w,,0,0,0,0,0,0
1373,2,PVS 6,pothole_PVS6_frame_002016_0,refused,('0x62b244c0000000000000000000000000000000000000000000000000000000000000000000000000000000000000000000000000000000000000,,6g5dkx3w,,0,0,0,0,0,0
1374,2,PVS 6,pothole_PVS6_frame_002019_0,refused,('0x62b244c0000000000000000000000000000000000000000000000000000000000000000000000000000000000000000000000000000000000000,,6g5dkx3q,,0,0,0,0,0,0
1375,2,PVS 6,pothole_PVS6_frame_002020_0,refused,('0x62b244c0000000000000000000000000000000000000000000000000000000000000000000000000000000000000000000000000000000000000,,6g5dkx3q,,0,0,0,0,0,0
1376,2,PVS 6,pothole_PVS6_frame_002021_0,refused,('0x62b244c0000000000000000000000000000000000000000000000000000000000000000000000000000000000000000000000000000000000000,,6g5dkx3q,,0,0,0,0,0,0
1377,2,PVS 6,pothole_PVS6_frame_002022_0,refused,('0x62b244c0000000000000000000000000000000000000000000000000000000000000000000000000000000000000000000000000000000000000,,6g5dkx3q,,0,0,0,0,0,0
1378,2,PVS 6,pothole_PVS6_frame_002025_0,refused,('0x62b244c0000000000000000000000000000000000000000000000000000000000000000000000000000000000000000000000000000000000000,,6g5dkx3r,,0,0,0,0,0,0
1379,2,PVS 6,pothole_PVS6_frame_002031_0,refused,('0x62b244c0000000000000000000000000000000000000000000000000000000000000000000000000000000000000000000000000000000000000,,6g5dkx3r,,0,0,0,0,0,0
1380,2,PVS 6,pothole_PVS6_frame_002032_0,refused,('0x62b244c0000000000000000000000000000000000000000000000000000000000000000000000000000000000000000000000000000000000000,,6g5dkx3r,,0,0,0,0,0,0
1381,2,PVS 6,pothole_PVS6_frame_002035_0,refused,('0x62b244c0000000000000000000000000000000000000000000000000000000000000000000000000000000000000000000000000000000000000,,6g5dkx3r,,0,0,0,0,0,0
1382,2,PVS 6,pothole_PVS6_frame_002036_0,refused,('0x62b244c0000000000000000000000000000000000000000000000000000000000000000000000000000000000000000000000000000000000000,,6g5dkx92,,0,0,0,0,0,0
1383,2,PVS 6,pothole_PVS6_frame_002040_0,refused,('0x62b244c0000000000000000000000000000000000000000000000000000000000000000000000000000000000000000000000000000000000000,,6g5dkx92,,0,0,0,0,0,0
1384,2,PVS 6,pothole_PVS6_frame_002044_0,refused,('0x62b244c0000000000000000000000000000000000000000000000000000000000000000000000000000000000000000000000000000000000000,,6g5dkx92,,0,0,0,0,0,0
1385,2,PVS 6,pothole_PVS6_frame_002050_0,refused,('0x62b244c0000000000000000000000000000000000000000000000000000000000000000000000000000000000000000000000000000000000000,,6g5dkx92,,0,0,0,0,0,0
1386,2,PVS 6,pothole_PVS6_frame_002051_0,refused,('0x62b244c0000000000000000000000000000000000000000000000000000000000000000000000000000000000000000000000000000000000000,,6g5dkx92,,0,0,0,0,0,0
1387,2,PVS 6,pothole_PVS6_frame_002052_0,refused,('0x62b244c0000000000000000000000000000000000000000000000000000000000000000000000000000000000000000000000000000000000000,,6g5dkx93,,0,0,0,0,0,0
1388,2,PVS 6,pothole_PVS6_frame_002053_0,refused,('0x62b244c0000000000000000000000000000000000000000000000000000000000000000000000000000000000000000000000000000000000000,,6g5dkx93,,0,0,0,0,0,0
1389,2,PVS 6,pothole_PVS6_frame_002053_1,refused,('0x62b244c0000000000000000000000000000000000000000000000000000000000000000000000000000000000000000000000000000000000000,,6g5dkx93,,0,0,0,0,0,0
1390,2,PVS 6,pothole_PVS6_frame_002055_0,refused,('0x62b244c0000000000000000000000000000000000000000000000000000000000000000000000000000000000000000000000000000000000000,,6g5dkx93,,0,0,0,0,0,0
1391,2,PVS 6,pothole_PVS6_frame_002057_0,refused,('0x62b244c0000000000000000000000000000000000000000000000000000000000000000000000000000000000000000000000000000000000000,,6g5dkx93,,0,0,0,0,0,0
1392,2,PVS 6,pothole_PVS6_frame_002061_0,refused,('0x62b244c0000000000000000000000000000000000000000000000000000000000000000000000000000000000000000000000000000000000000,,6g5dkx93,,0,0,0,0,0,0
1393,2,PVS 6,pothole_PVS6_frame_002098_0,refused,('0x62b244c0000000000000000000000000000000000000000000000000000000000000000000000000000000000000000000000000000000000000,,6g5dkx95,,0,0,0,0,0,0
1394,2,PVS 6,pothole_PVS6_frame_002216_0,refused,('0x62b244c0000000000000000000000000000000000000000000000000000000000000000000000000000000000000000000000000000000000000,,6g5dkx9z,,0,0,0,0,0,0
1395,2,PVS 6,pothole_PVS6_frame_002217_0,refused,('0x62b244c0000000000000000000000000000000000000000000000000000000000000000000000000000000000000000000000000000000000000,,6g5dkx9z,,0,0,0,0,0,0
1396,2,PVS 6,pothole_PVS6_frame_002317_0,refused,('0x62b244c0000000000000000000000000000000000000000000000000000000000000000000000000000000000000000000000000000000000000,,6g5dkxfg,,0,0,0,0,0,0
1397,2,PVS 6,pothole_PVS6_frame_002318_0,refused,('0x62b244c0000000000000000000000000000000000000000000000000000000000000000000000000000000000000000000000000000000000000,,6g5dkxfg,,0,0,0,0,0,0
1398,2,PVS 6,pothole_PVS6_frame_002319_0,refused,('0x62b244c0000000000000000000000000000000000000000000000000000000000000000000000000000000000000000000000000000000000000,,6g5dkxfg,,0,0,0,0,0,0
1399,2,PVS 6,pothole_PVS6_frame_002320_0,refused,('0x62b244c0000000000000000000000000000000000000000000000000000000000000000000000000000000000000000000000000000000000000,,6g5dkxfg,,0,0,0,0,0,0
1400,2,PVS 6,pothole_PVS6_frame_002321_0,refused,('0x62b244c0000000000000000000000000000000000000000000000000000000000000000000000000000000000000000000000000000000000000,,6g5dkxfg,,0,0,0,0,0,0
1401,2,PVS 6,pothole_PVS6_frame_002322_0,refused,('0x62b244c0000000000000000000000000000000000000000000000000000000000000000000000000000000000000000000000000000000000000,,6g5dkxfg,,0,0,0,0,0,0
1402,2,PVS 6,pothole_PVS6_frame_002322_1,refused,('0x62b244c0000000000000000000000000000000000000000000000000000000000000000000000000000000000000000000000000000000000000,,6g5dkxfg,,0,0,0,0,0,0
1403,2,PVS 6,pothole_PVS6_frame_002323_0,refused,('0x62b244c0000000000000000000000000000000000000000000000000000000000000000000000000000000000000000000000000000000000000,,6g5dkxfg,,0,0,0,0,0,0
1404,2,PVS 6,pothole_PVS6_frame_002324_0,refused,('0x62b244c0000000000000000000000000000000000000000000000000000000000000000000000000000000000000000000000000000000000000,,6g5dkxfg,,0,0,0,0,0,0
1405,2,PVS 6,pothole_PVS6_frame_002325_0,refused,('0x62b244c0000000000000000000000000000000000000000000000000000000000000000000000000000000000000000000000000000000000000,,6g5dkxfg,,0,0,0,0,0,0
1406,2,PVS 6,pothole_PVS6_frame_002328_0,refused,('0x62b244c0000000000000000000000000000000000000000000000000000000000000000000000000000000000000000000000000000000000000,,6g5dkxff,,0,0,0,0,0,0
1407,2,PVS 6,pothole_PVS6_frame_002344_0,refused,('0x62b244c0000000000000000000000000000000000000000000000000000000000000000000000000000000000000000000000000000000000000,,6g5dkxfc,,0,0,0,0,0,0
1408,2,PVS 6,pothole_PVS6_frame_002413_0,refused,('0x62b244c0000000000000000000000000000000000000000000000000000000000000000000000000000000000000000000000000000000000000,,6g5dkxeq,,0,0,0,0,0,0
1409,2,PVS 6,pothole_PVS6_frame_002495_0,refused,('0x62b244c0000000000000000000000000000000000000000000000000000000000000000000000000000000000000000000000000000000000000,,6g5dkxgm,,0,0,0,0,0,0
1410,2,PVS 6,pothole_PVS6_frame_002516_0,refused,('0x62b244c0000000000000000000000000000000000000000000000000000000000000000000000000000000000000000000000000000000000000,,6g5dkxgm,,0,0,0,0,0,0
1411,2,PVS 6,pothole_PVS6_frame_002518_0,refused,('0x62b244c0000000000000000000000000000000000000000000000000000000000000000000000000000000000000000000000000000000000000,,6g5dkxgm,,0,0,0,0,0,0
1412,2,PVS 6,pothole_PVS6_frame_002550_0,refused,('0x62b244c0000000000000000000000000000000000000000000000000000000000000000000000000000000000000000000000000000000000000,,6g5dkxgt,,0,0,0,0,0,0
1413,2,PVS 6,pothole_PVS6_frame_002577_0,refused,('0x62b244c0000000000000000000000000000000000000000000000000000000000000000000000000000000000000000000000000000000000000,,6g5dkxgg,,0,0,0,0,0,0
1414,2,PVS 6,pothole_PVS6_frame_002582_0,refused,('0x62b244c0000000000000000000000000000000000000000000000000000000000000000000000000000000000000000000000000000000000000,,6g5dkxgf,,0,0,0,0,0,0
1415,2,PVS 6,pothole_PVS6_frame_002586_0,refused,('0x62b244c0000000000000000000000000000000000000000000000000000000000000000000000000000000000000000000000000000000000000,,6g5dkxgf,,0,0,0,0,0,0
1416,2,PVS 6,pothole_PVS6_frame_002587_0,refused,('0x62b244c0000000000000000000000000000000000000000000000000000000000000000000000000000000000000000000000000000000000000,,6g5dkxgf,,0,0,0,0,0,0
1417,2,PVS 6,pothole_PVS6_frame_002609_0,refused,('0x62b244c0000000000000000000000000000000000000000000000000000000000000000000000000000000000000000000000000000000000000,,6g5dkxgb,,0,0,0,0,0,0
1418,2,PVS 6,pothole_PVS6_frame_002667_0,refused,('0x62b244c0000000000000000000000000000000000000000000000000000000000000000000000000000000000000000000000000000000000000,,6g5dkxsw,,0,0,0,0,0,0
1419,2,PVS 6,pothole_PVS6_frame_002674_0,refused,('0x62b244c0000000000000000000000000000000000000000000000000000000000000000000000000000000000000000000000000000000000000,,6g5dkxsy,,0,0,0,0,0,0
1420,2,PVS 6,pothole_PVS6_frame_002690_0,refused,('0x62b244c0000000000000000000000000000000000000000000000000000000000000000000000000000000000000000000000000000000000000,,6g5dkxtn,,0,0,0,0,0,0
1421,2,PVS 6,pothole_PVS6_frame_002690_1,refused,('0x62b244c0000000000000000000000000000000000000000000000000000000000000000000000000000000000000000000000000000000000000,,6g5dkxtn,,0,0,0,0,0,0
1422,2,PVS 6,pothole_PVS6_frame_002691_0,refused,('0x62b244c0000000000000000000000000000000000000000000000000000000000000000000000000000000000000000000000000000000000000,,6g5dkxtn,,0,0,0,0,0,0
1423,2,PVS 6,pothole_PVS6_frame_002692_0,refused,('0x62b244c0000000000000000000000000000000000000000000000000000000000000000000000000000000000000000000000000000000000000,,6g5dkxtn,,0,0,0,0,0,0
1424,2,PVS 6,pothole_PVS6_frame_002693_0,refused,('0x62b244c0000000000000000000000000000000000000000000000000000000000000000000000000000000000000000000000000000000000000,,6g5dkxtn,,0,0,0,0,0,0
1425,2,PVS 6,pothole_PVS6_frame_002697_0,refused,('0x62b244c0000000000000000000000000000000000000000000000000000000000000000000000000000000000000000000000000000000000000,,6g5dkxtp,,0,0,0,0,0,0
1426,2,PVS 6,pothole_PVS6_frame_002709_0,refused,('0x62b244c0000000000000000000000000000000000000000000000000000000000000000000000000000000000000000000000000000000000000,,6g5dkxtr,,0,0,0,0,0,0
1427,2,PVS 6,pothole_PVS6_frame_002712_0,refused,('0x62b244c0000000000000000000000000000000000000000000000000000000000000000000000000000000000000000000000000000000000000,,6g5dkxtr,,0,0,0,0,0,0
1428,2,PVS 6,pothole_PVS6_frame_002720_0,refused,('0x62b244c0000000000000000000000000000000000000000000000000000000000000000000000000000000000000000000000000000000000000,,6g5dkxtw,,0,0,0,0,0,0
1429,2,PVS 6,pothole_PVS6_frame_002731_0,refused,('0x62b244c0000000000000000000000000000000000000000000000000000000000000000000000000000000000000000000000000000000000000,,6g5dkxtt,,0,0,0,0,0,0
1430,2,PVS 6,pothole_PVS6_frame_002740_0,refused,('0x62b244c0000000000000000000000000000000000000000000000000000000000000000000000000000000000000000000000000000000000000,,6g5dkxtu,,0,0,0,0,0,0
1431,2,PVS 6,pothole_PVS6_frame_002741_0,refused,('0x62b244c0000000000000000000000000000000000000000000000000000000000000000000000000000000000000000000000000000000000000,,6g5dkxtu,,0,0,0,0,0,0
1432,2,PVS 6,pothole_PVS6_frame_002742_0,refused,('0x62b244c0000000000000000000000000000000000000000000000000000000000000000000000000000000000000000000000000000000000000,,6g5dkxtu,,0,0,0,0,0,0
1433,2,PVS 6,pothole_PVS6_frame_002743_0,refused,('0x62b244c0000000000000000000000000000000000000000000000000000000000000000000000000000000000000000000000000000000000000,,6g5dkxtu,,0,0,0,0,0,0
1434,2,PVS 6,pothole_PVS6_frame_002746_0,refused,('0x62b244c0000000000000000000000000000000000000000000000000000000000000000000000000000000000000000000000000000000000000,,6g5dkxtu,,0,0,0,0,0,0
1435,2,PVS 6,pothole_PVS6_frame_002765_0,refused,('0x62b244c0000000000000000000000000000000000000000000000000000000000000000000000000000000000000000000000000000000000000,,6g5dkxw5,,0,0,0,0,0,0
1436,2,PVS 6,pothole_PVS6_frame_002815_0,refused,('0x62b244c0000000000000000000000000000000000000000000000000000000000000000000000000000000000000000000000000000000000000,,6g5dkxrn,,0,0,0,0,0,0
1437,2,PVS 6,pothole_PVS6_frame_002870_0,refused,('0x62b244c0000000000000000000000000000000000000000000000000000000000000000000000000000000000000000000000000000000000000,,6g5dkxru,,0,0,0,0,0,0
1438,2,PVS 6,pothole_PVS6_frame_002871_0,refused,('0x62b244c0000000000000000000000000000000000000000000000000000000000000000000000000000000000000000000000000000000000000,,6g5dkxru,,0,0,0,0,0,0
1439,2,PVS 6,pothole_PVS6_frame_002872_0,refused,('0x62b244c0000000000000000000000000000000000000000000000000000000000000000000000000000000000000000000000000000000000000,,6g5dkxru,,0,0,0,0,0,0
1440,2,PVS 6,pothole_PVS6_frame_002875_0,refused,('0x62b244c0000000000000000000000000000000000000000000000000000000000000000000000000000000000000000000000000000000000000,,6g5dkz2h,,0,0,0,0,0,0
1441,2,PVS 6,pothole_PVS6_frame_003104_0,refused,('0x62b244c0000000000000000000000000000000000000000000000000000000000000000000000000000000000000000000000000000000000000,,6g5dkymt,,0,0,0,0,0,0
1442,2,PVS 6,pothole_PVS6_frame_003621_0,refused,('0x62b244c0000000000000000000000000000000000000000000000000000000000000000000000000000000000000000000000000000000000000,1,6g5dm4nt,,0,0,0,0,0,0
1443,2,PVS 6,pothole_PVS6_frame_003661_0,refused,('0x62b244c0000000000000000000000000000000000000000000000000000000000000000000000000000000000000000000000000000000000000,1,6g5dm4nu,,0,0,0,0,0,0
